,Entry,HitPredictID,Cross-reference (GeneID),Entry name,Protein names,Length,Status,Sequence
0,Q9NZI2,"Q9NZI2,A0A0C4DFQ7",30820;,KCIP1_HUMAN,Kv channel-interacting protein 1 (KChIP1) (A-type potassium channel modulatory protein 1) (Potassium channel-interacting protein 1) (Vesicle APC-binding protein),227,reviewed,MGAVMGTFSSLQTKQRRPSKDIAWWYYQYQRDKIEDELEMTMVCHRPEGLEQLEAQTNFTKRELQVLYRGFKNECPSGVVNEDTFKQIYAQFFPHGDASTYAHYLFNAFDTTQTGSVKFEDFVTALSILLRGTVHEKLRWTFNLYDINKDGYINKEEMMDIVKAIYDMMGKYTYPVLKEDTPRQHVDVFFQKMDKNKDGIVTLDEFLESCQEDDNIMRSLQLFQNVM
1,P11532,"P11532,E9PDN5",1756;,DMD_HUMAN,Dystrophin,3685,reviewed,MLWWEEVEDCYEREDVQKKTFTKWVNAQFSKFGKQHIENLFSDLQDGRRLLDLLEGLTGQKLPKEKGSTRVHALNNVNKALRVLQNNNVDLVNIGSTDIVDGNHKLTLGLIWNIILHWQVKNVMKNIMAGLQQTNSEKILLSWVRQSTRNYPQVNVINFTTSWSDGLALNALIHSHRPDLFDWNSVVCQQSATQRLEHAFNIARYQLGIEKLLDPEDVDTTYPDKKSILMYITSLFQVLPQQVSIEAIQEVEMLPRPPKVTKEEHFQLHHQMHYSQQITVSLAQGYERTSSPKPRFKSYAYTQAAYVTTSDPTRSPFPSQHLEAPEDKSFGSSLMESEVNLDRYQTALEEVLSWLLSAEDTLQAQGEISNDVEVVKDQFHTHEGYMMDLTAHQGRVGNILQLGSKLIGTGKLSEDEETEVQEQMNLLNSRWECLRVASMEKQSNLHRVLMDLQNQKLKELNDWLTKTEERTRKMEEEPLGPDLEDLKRQVQQHKVLQEDLEQEQVRVNSLTHMVVVVDESSGDHATAALEEQLKVLGDRWANICRWTEDRWVLLQDILLKWQRLTEEQCLFSAWLSEKEDAVNKIHTTGFKDQNEMLSSLQKLAVLKADLEKKKQSMGKLYSLKQDLLSTLKNKSVTQKTEAWLDNFARCWDNLVQKLEKSTAQISQAVTTTQPSLTQTTVMETVTTVTTREQILVKHAQEELPPPPPQKKRQITVDSEIRKRLDVDITELHSWITRSEAVLQSPEFAIFRKEGNFSDLKEKVNAIEREKAEKFRKLQDASRSAQALVEQMVNEGVNADSIKQASEQLNSRWIEFCQLLSERLNWLEYQNNIIAFYNQLQQLEQMTTTAENWLKIQPTTPSEPTAIKSQLKICKDEVNRLSDLQPQIERLKIQSIALKEKGQGPMFLDADFVAFTNHFKQVFSDVQAREKELQTIFDTLPPMRYQETMSAIRTWVQQSETKLSIPQLSVTDYEIMEQRLGELQALQSSLQEQQSGLYYLSTTVKEMSKKAPSEISRKYQSEFEEIEGRWKKLSSQLVEHCQKLEEQMNKLRKIQNHIQTLKKWMAEVDVFLKEEWPALGDSEILKKQLKQCRLLVSDIQTIQPSLNSVNEGGQKIKNEAEPEFASRLETELKELNTQWDHMCQQVYARKEALKGGLEKTVSLQKDLSEMHEWMTQAEEEYLERDFEYKTPDELQKAVEEMKRAKEEAQQKEAKVKLLTESVNSVIAQAPPVAQEALKKELETLTTNYQWLCTRLNGKCKTLEEVWACWHELLSYLEKANKWLNEVEFKLKTTENIPGGAEEISEVLDSLENLMRHSEDNPNQIRILAQTLTDGGVMDELINEELETFNSRWRELHEEAVRRQKLLEQSIQSAQETEKSLHLIQESLTFIDKQLAAYIADKVDAAQMPQEAQKIQSDLTSHEISLEEMKKHNQGKEAAQRVLSQIDVAQKKLQDVSMKFRLFQKPANFEQRLQESKMILDEVKMHLPALETKSVEQEVVQSQLNHCVNLYKSLSEVKSEVEMVIKTGRQIVQKKQTENPKELDERVTALKLHYNELGAKVTERKQQLEKCLKLSRKMRKEMNVLTEWLAATDMELTKRSAVEGMPSNLDSEVAWGKATQKEIEKQKVHLKSITEVGEALKTVLGKKETLVEDKLSLLNSNWIAVTSRAEEWLNLLLEYQKHMETFDQNVDHITKWIIQADTLLDESEKKKPQQKEDVLKRLKAELNDIRPKVDSTRDQAANLMANRGDHCRKLVEPQISELNHRFAAISHRIKTGKASIPLKELEQFNSDIQKLLEPLEAEIQQGVNLKEEDFNKDMNEDNEGTVKELLQRGDNLQQRITDERKREEIKIKQQLLQTKHNALKDLRSQRRKKALEISHQWYQYKRQADDLLKCLDDIEKKLASLPEPRDERKIKEIDRELQKKKEELNAVRRQAEGLSEDGAAMAVEPTQIQLSKRWREIESKFAQFRRLNFAQIHTVREETMMVMTEDMPLEISYVPSTYLTEITHVSQALLEVEQLLNAPDLCAKDFEDLFKQEESLKNIKDSLQQSSGRIDIIHSKKTAALQSATPVERVKLQEALSQLDFQWEKVNKMYKDRQGRFDRSVEKWRRFHYDIKIFNQWLTEAEQFLRKTQIPENWEHAKYKWYLKELQDGIGQRQTVVRTLNATGEEIIQQSSKTDASILQEKLGSLNLRWQEVCKQLSDRKKRLEEQKNILSEFQRDLNEFVLWLEEADNIASIPLEPGKEQQLKEKLEQVKLLVEELPLRQGILKQLNETGGPVLVSAPISPEEQDKLENKLKQTNLQWIKVSRALPEKQGEIEAQIKDLGQLEKKLEDLEEQLNHLLLWLSPIRNQLEIYNQPNQEGPFDVKETEIAVQAKQPDVEEILSKGQHLYKEKPATQPVKRKLEDLSSEWKAVNRLLQELRAKQPDLAPGLTTIGASPTQTVTLVTQPVVTKETAISKLEMPSSLMLEVPALADFNRAWTELTDWLSLLDQVIKSQRVMVGDLEDINEMIIKQKATMQDLEQRRPQLEELITAAQNLKNKTSNQEARTIITDRIERIQNQWDEVQEHLQNRRQQLNEMLKDSTQWLEAKEEAEQVLGQARAKLESWKEGPYTVDAIQKKITETKQLAKDLRQWQTNVDVANDLALKLLRDYSADDTRKVHMITENINASWRSIHKRVSEREAALEETHRLLQQFPLDLEKFLAWLTEAETTANVLQDATRKERLLEDSKGVKELMKQWQDLQGEIEAHTDVYHNLDENSQKILRSLEGSDDAVLLQRRLDNMNFKWSELRKKSLNIRSHLEASSDQWKRLHLSLQELLVWLQLKDDELSRQAPIGGDFPAVQKQNDVHRAFKRELKTKEPVIMSTLETVRIFLTEQPLEGLEKLYQEPRELPPEERAQNVTRLLRKQAEEVNTEWEKLNLHSADWQRKIDETLERLQELQEATDELDLKLRQAEVIKGSWQPVGDLLIDSLQDHLEKVKALRGEIAPLKENVSHVNDLARQLTTLGIQLSPYNLSTLEDLNTRWKLLQVAVEDRVRQLHEAHRDFGPASQHFLSTSVQGPWERAISPNKVPYYINHETQTTCWDHPKMTELYQSLADLNNVRFSAYRTAMKLRRLQKALCLDLLSLSAACDALDQHNLKQNDQPMDILQIINCLTTIYDRLEQEHNNLVNVPLCVDMCLNWLLNVYDTGRTGRIRVLSFKTGIISLCKAHLEDKYRYLFKQVASSTGFCDQRRLGLLLHDSIQIPRQLGEVASFGGSNIEPSVRSCFQFANNKPEIEAALFLDWMRLEPQSMVWLPVLHRVAAAETAKHQAKCNICKECPIIGFRYRSLKHFNYDICQSCFFSGRVAKGHKMHYPMVEYCTPTTSGEDVRDFAKVLKNKFRTKRYFAKHPRMGYLPVQTVLEGDNMETPVTLINFWPVDSAPASSPQLSHDDTHSRIEHYASRLAEMENSNGSYLNDSISPNESIDDEHLLIQHYCQSLNQDSPLSQPRSPAQILISLESEERGELERILADLEEENRNLQAEYDRLKQQHEHKGLSPLPSPPEMMPTSPQSPRDAELIAEAKLLRQHKGRLEARMQILEDHNKQLESQLHRLRQLLEQPQAEAKVNGTTVSSPSTSLQRSDSSQPMLLRVVGSQTSDSMGEEDLLSPPQDTSTGLEEVMEQLNNSFPSSRGRNTPGKPMREDTM
2,P01911,"Q29974,P01911,P01912,P13760,P04229",3123;,DRB_HUMAN,"HLA class II histocompatibility antigen, DRB1 beta chain (Human leukocyte antigen DRB1) (HLA-DRB1)",266,reviewed,MVCLKLPGGSCMTALTVTLMVLSSPLALSGDTRPRFLWQPKRECHFFNGTERVRFLDRYFYNQEESVRFDSDVGEFRAVTELGRPDAEYWNSQKDILEQARAAVDTYCRHNYGVVESFTVQRRVQPKVTVYPSKTQPLQHHNLLVCSVSGFYPGSIEVRWFLNGQEEKAGMVSTGLIQNGDWTFQTLVMLETVPRSGEVYTCQVEHPSVTSPLTVEWRARSESAQSKMLSGVGGFVLGLLFLGAGLFIYFRNQKGHSGLQPTGFLS
3,P10321,"Q29865,P30505,Q95604,Q29963,P04222,P30499,Q29960,P30510,Q9TNN7,P10321,P30501,Q07000,P30504,P30508",3107;,HLAC_HUMAN,"HLA class I histocompatibility antigen, C alpha chain (HLA-C) (HLA-Cw) (Human leukocyte antigen C)",366,reviewed,MRVMAPRALLLLLSGGLALTETWACSHSMRYFDTAVSRPGRGEPRFISVGYVDDTQFVRFDSDAASPRGEPRAPWVEQEGPEYWDRETQKYKRQAQADRVSLRNLRGYYNQSEDGSHTLQRMSGCDLGPDGRLLRGYDQSAYDGKDYIALNEDLRSWTAADTAAQITQRKLEAARAAEQLRAYLEGTCVEWLRRYLENGKETLQRAEPPKTHVTHHPLSDHEATLRCWALGFYPAEITLTWQRDGEDQTQDTELVETRPAGDGTFQKWAAVVVPSGQEQRYTCHMQHEGLQEPLTLSWEPSSQPTIPIMGIVAGLAVLVVLAVLGAVVTAMMCRRKSSGGKGGSCSQAACSNSAQGSDESLITCKA
4,Q9HB07,"Q86UA3,Q9HB07",60314;,MYG1_HUMAN,MYG1 exonuclease (EC 3.1.-.-),376,reviewed,MGHRFLRGLLTLLLPPPPLYTRHRMLGPESVPPPKRSRSKLMAPPRIGTHNGTFHCDEALACALLRLLPEYRDAEIVRTRDPEKLASCDIVVDVGGEYDPRRHRYDHHQRSFTETMSSLSPGKPWQTKLSSAGLIYLHFGHKLLAQLLGTSEEDSMVGTLYDKMYENFVEEVDAVDNGISQWAEGEPRYALTTTLSARVARLNPTWNHPDQDTEAGFKRAMDLVQEEFLQRLDFYQHSWLPARALVEEALAQRFQVDPSGEIVELAKGACPWKEHLYHLESGLSPPVAIFFVIYTDQAGQWRIQCVPKEPHSFQSRLPLPEPWRGLRDEALDQVSGIPGCIFVHASGFTGGHHTREGALSMARATLAQRSYLPQIS
5,Q96HY3,"E7ETZ0,Q96HY3",805;808;,Q96HY3_HUMAN,Calmodulin,113,unreviewed,MRSLGQNPTEAELQDMINEVDADGNGTIDFPEFLTMMARKMKDTDSEEEIREAFRVFDKDGNGYISAAELRHVMTNLGEKLTDEEVDEMIREADIDGDGQVNYEEFVQMMTAK
6,P19013,"P19013,B4DRS2",3851;,K2C4_HUMAN,"Keratin, type II cytoskeletal 4 (Cytokeratin-4) (CK-4) (Keratin-4) (K4) (Type-II keratin Kb4)",520,reviewed,MIARQQCVRGGPRGFSCGSAIVGGGKRGAFSSVSMSGGAGRCSSGGFGSRSLYNLRGNKSISMSVAGSRQGACFGGAGGFGTGGFGGGFGGSFSGKGGPGFPVCPAGGIQEVTINQSLLTPLHVEIDPEIQKVRTEEREQIKLLNNKFASFIDKVQFLEQQNKVLETKWNLLQQQTTTTSSKNLEPLFETYLSVLRKQLDTLGNDKGRLQSELKTMQDSVEDFKTKYEEEINKRTAAENDFVVLKKDVDAAYLNKVELEAKVDSLNDEINFLKVLYDAELSQMQTHVSDTSVVLSMDNNRNLDLDSIIAEVRAQYEEIAQRSKAEAEALYQTKVQQLQISVDQHGDNLKNTKSEIAELNRMIQRLRAEIENIKKQCQTLQVSVADAEQRGENALKDAHSKRVELEAALQQAKEELARMLREYQELMSVKLALDIEIATYRKLLEGEEYRMSGECQSAVSISVVSGSTSTGGISGGLGSGSGFGLSSGFGSGSGSGFGFGGSVSGSSSSKIISTTTLNKRR
7,P01889,"P30461,P30483,P30493,P18464,P30685,P30491,P03989,P30484,P30481,P30466,P01889,P30464,P30480,P18465,Q31612,P30460",3106;,HLAB_HUMAN,"HLA class I histocompatibility antigen, B alpha chain (Human leukocyte antigen B) (HLA-B)",362,reviewed,MLVMAPRTVLLLLSAALALTETWAGSHSMRYFYTSVSRPGRGEPRFISVGYVDDTQFVRFDSDAASPREEPRAPWIEQEGPEYWDRNTQIYKAQAQTDRESLRNLRGYYNQSEAGSHTLQSMYGCDVGPDGRLLRGHDQYAYDGKDYIALNEDLRSWTAADTAAQITQRKWEAAREAEQRRAYLEGECVEWLRRYLENGKDKLERADPPKTHVTHHPISDHEATLRCWALGFYPAEITLTWQRDGEDQTQDTELVETRPAGDRTFQKWAAVVVPSGEEQRYTCHVQHEGLPKPLTLRWEPSSQSTVPIVGIVAGLAVLAVVVIGAVVAAVMCRRKSSGGKGGSYSQAACSDSAQGSDVSLTA
8,P04439,"P30447,P30450,P10316,P13746,P30512,P30455,P30457,P04439,P30459,P30443,P16189,P18462,P16188,P01892,P05534,P01891",3105;,HLAA_HUMAN,"HLA class I histocompatibility antigen, A alpha chain (Human leukocyte antigen A) (HLA-A)",365,reviewed,MAVMAPRTLLLLLSGALALTQTWAGSHSMRYFFTSVSRPGRGEPRFIAVGYVDDTQFVRFDSDAASQRMEPRAPWIEQEGPEYWDQETRNVKAQSQTDRVDLGTLRGYYNQSEAGSHTIQIMYGCDVGSDGRFLRGYRQDAYDGKDYIALNEDLRSWTAADMAAQITKRKWEAAHEAEQLRAYLDGTCVEWLRRYLENGKETLQRTDPPKTHMTHHPISDHEATLRCWALGFYPAEITLTWQRDGEDQTQDTELVETRPAGDGTFQKWAAVVVPSGEEQRYTCHVQHEGLPKPLTLRWELSSQPTIPIVGIIAGLVLLGAVITGAVVAAVMWRRKSSDRKGGSYTQAASSDSAQGSDVSLTACKV
