,HIPPIENames,Entry,Entry name,Status,Protein names,Cross-reference (GeneID),Gene names,Length,Sequence,yourlist:M20200707216DA2B77BFBD2E6699CA9B6D1C41EB2968714N
0,"DAPAL_HUMAN,HOGA1_HUMAN",Q86XE5,HOGA1_HUMAN,reviewed,"4-hydroxy-2-oxoglutarate aldolase, mitochondrial (EC 4.1.3.16) (Dihydrodipicolinate synthase-like) (DHDPS-like protein) (Probable 2-keto-4-hydroxyglutarate aldolase) (Probable KHG-aldolase) (Protein 569272)",112817;,HOGA1 C10orf65 DHDPSL,327,MLGPQVWSSVRQGLSRSLSRNVGVWASGEGKKVDIAGIYPPVTTPFTATAEVDYGKLEENLHKLGTFPFRGFVVQGSNGEFPFLTSSERLEVVSRVRQAMPKNRLLLAGSGCESTQATVEMTVSMAQVGADAAMVVTPCYYRGRMSSAALIHHYTKVADLSPIPVVLYSVPANTGLDLPVDAVVTLSQHPNIVGMKDSGGDVTRIGLIVHKTRKQDFQVLAGSAGFLMASYALGAVGGVCALANVLGAQVCQLERLCCTGQWEDAQKLQHRLIEPNAAVTRRFGIPGLKKIMDWFGYYGGPCRAPLQELSPAEEEALRMDFTSNGWL,Q86XE5
1,"HTRB2_HUMAN,YE013_HUMAN",Q7Z745,MRO2B_HUMAN,reviewed,Maestro heat-like repeat-containing protein family member 2B (HEAT repeat-containing protein 7B2) (Sperm PKA-interacting factor) (SPIF),133558;,MROH2B HEATR7B2,1585,MTLSTEESIEMFGDINLTLGMLNKEDIVNKEDIYSHLTSVIQNTDILDDAIVQRLIYYASKDMRDNNMLREIRMLAGEVLVSLAAHDFNSVMYEVQSNFRILELPDEFVVLALAELATSYVSQSIPFMMMTLLTMQTMLRLAEDERMKGTFCIALEKFSKAIYKYVNHWRDFPYPRLDANRLSDKIFMLFWYIMEKWAPLASPMQTLSIVKAHGPTVSLLLHREDFRGYALGQVPWLLNQYKDKEIDFHVTQSLKQILTAAVLYDIGLPRSLRRSIFINLLQQICRAPEPPVKENEMKASSCFLILAHSNPGELMEFFDEQVRSNNEAIRVGILTLLRLAVNADEPRLRDHIISIERTVKIVMGDLSTKVRNSVLLLIQTMCEKSYIEAREGWPLIDYVFSQFATLNRNLEKPVKTNFHENEKEEESVRETSLEVLKTLDPLVIGMPQVLWPRILTFVVPAEYTEALEPLFSIIRILIMAEEKKQHSAKESTALVVSTGAVKLPSPQQLLARLLVISMPASLGELRGAGAIGLLKILPEIIHPKLVDLWKTRLPELLQPLEGKNISTVLWETMLLQLLKESLWKISDVAWTIQLTQDFKQQMGSYSNNSTEKKFLWKALGTTLACCQDSDFVNSQIKEFLTAPNQLGDQRQGITSILGYCAENHLDIVLKVLKTFQNQEKFFMNRCKSLFSGKKSLTKTDVMVIYGAVALHAPKKQLLSRLNQDIISQVLSLHGQCSQVLGMSVMNKDMDLQMSFTRSITEIGIAVQDAEDQGFQFSYKEMLIGYMLDFIRDEPLDSLASPIRWKALIAIRYLSKLKPQLSLQDHLNILEENIRRLLPLPPLENLKSEGQTDKDKEHIQFLYERSMDALGKLLKTMMWDNVNAEDCQEMFNLLQMWLVSQKEWERERAFQITAKVLTNDIEAPENFKIGSLLGLLAPHSCDTLPTIRQAAASSTIGLFYIKGIHLEVERLQGLQEGLESDDVQVQIKISSKIAKIVSKFIPNEEILMFLEEMLDGLESLNPTCTKACGIWMITVLKQQGAALEDQLLEILGTIYHHMPVLRQKEESFQFILEAISQIASFHMDTVVVNLLQKPLPFDRDTKTLWKALAEKPASSGKLLQALIDKLETELEDDIARVEAISVACAMYEVISMGTSVTGLYPELFTLLLKLVSCTLGQKMLTCPWSHRRHVMQQGEQQQIPDPCRLSTATLKCLQAQAMREGLAKESDEGDNLWTLLSSPSTHHIGVCSLARSMAVWQHGVILDIMEQLLSSLTSSSENYRITGAAFFSELMKEPILWKHGNLRNVLILMDQSAWDSNATLRQMAIRGLGNTASGAPHKVKKHKQLMLESIIRGLYHLARTEVVCESLKALKKILELLTDRDVSFYFKEIVLQTRTFFEDEQDDVRLTAIFLFEDLAPLTGRRWKIFFAEEIKKSLISFLLHLWDPNPKIGVACRDVLMVCIPFLGLQELYGVLDRLLDQDLPRARDFYRQFCVKLAKKNQEILWILHTHSFTFFTSTWEVIRSAAVKLTDAVVLNLTSQYVELLDREQLTTRLQALRQDPCISVQRAAEAALQTLLRRCKETSIPL,Q7Z745
2,"C1T9A_HUMAN,C1QT9_HUMAN",P0C862,C1T9A_HUMAN,reviewed,Complement C1q and tumor necrosis factor-related protein 9A (Complement C1q and tumor necrosis factor-related protein 9),338872;,C1QTNF9 C1QTNF9A UNQ6503/PRO21380,333,MRIWWLLLAIEICTGNINSQDTCRQGHPGIPGNPGHNGLPGRDGRDGAKGDKGDAGEPGRPGSPGKDGTSGEKGERGADGKVEAKGIKGDQGSRGSPGKHGPKGLAGPMGEKGLRGETGPQGQKGNKGDVGPTGPEGPRGNIGPLGPTGLPGPMGPIGKPGPKGEAGPTGPQGEPGVRGIRGWKGDRGEKGKIGETLVLPKSAFTVGLTVLSKFPSSDMPIKFDKILYNEFNHYDTAAGKFTCHIAGVYYFTYHITVFSRNVQVSLVKNGVKILHTKDAYMSSEDQASGGIVLQLKLGDEVWLQVTGGERFNGLFADEDDDTTFTGFLLFSSP,P0C862
3,"BICR1_HUMAN,CC64A_HUMAN",Q6ZP65,BICL1_HUMAN,reviewed,BICD family-like cargo adapter 1 (Bicaudal D-related protein 1) (BICD-related protein 1) (BICDR-1) (Coiled-coil domain-containing protein 64A) (CCDC64A),92558;,BICDL1 BICDR1 CCDC64,573,MSAFCLGLVGRASAPAEPDSACCMELPAAAGDAVRSPAAAAALIFPGGSGELELALEEELALLAAGERPSDPGEHPQAEPGSLAEGAGPQPPPSQDPELLSVIRQKEKDLVLAARLGKALLERNQDMSRQYEQMHKELTDKLEHLEQEKHELRRRFENREGEWEGRVSELESDVKQLQDELERQQIHLREADREKSRAVQELSEQNQRLLDQLSRASEVERQLSMQVHALREDFREKNSSTNQHIIRLESLQAEIKMLSDRKRELEHRLSATLEENDLLQGTVEELQDRVLILERQGHDKDLQLHQSQLELQEVRLSCRQLQVKVEELTEERSLQSSAATSTSLLSEIEQSMEAEELEQEREQLRLQLWEAYCQVRYLCSHLRGNDSADSAVSTDSSMDESSETSSAKDVPAGSLRTALNELKRLIQSIVDGMEPTVTLLSVEMTALKEERDRLRVTSEDKEPKEQLQKAIRDRDEAIAKKNAVELELAKCRMDMMSLNSQLLDAIQQKLNLSQQLEAWQDDMHRVIDRQLMDTHLKERSQPAAALCRGHSAGRGDEPSIAEGKRLFSFFRKI,Q6ZP65
4,"NANGN_HUMAN,HPC14_HUMAN",Q7Z5D8,NANGN_HUMAN,reviewed,NANOG neighbor homeobox (Homeobox protein C14),360030;,NANOGNB,188,MHRARWLTPVIPALWEAEAGRSRGQEIETILANKKQSAMPWDQDPEQSTGNYSEDEQNGKQKWREEGEAGRKREREKEEKNEKELQDEQENKRKRENEKQKQYPEKRLVSKSLMHTLWAKFKLNRCPTIQESLSLSFEFDMTHKQISQWFCKTRKKYNKEMSKRKHKKKHMRWRSLCCQGWSRTPALK,Q7Z5D8
5,"PRS38_HUMAN,MPN2_HUMAN",A1L453,PRS38_HUMAN,reviewed,Serine protease 38 (EC 3.4.21.-) (Marapsin-2),339501;,PRSS38 MPN2,326,MAAPASVMGPLGPSALGLLLLLLVVAPPRVAALVHRQPENQGISLTGSVACGRPSMEGKILGGVPAPERKWPWQVSVHYAGLHVCGGSILNEYWVLSAAHCFHRDKNIKIYDMYVGLVNLRVAGNHTQWYEVNRVILHPTYEMYHPIGGDVALVQLKTRIVFSESVLPVCLATPEVNLTSANCWATGWGLVSKQGETSDELQEMQLPLILEPWCHLLYGHMSYIMPDMLCAGDILNAKTVCEGDSGGPLVCEFNRSWLQIGIVSWGRGCSNPLYPGVYASVSYFSKWICDNIEITPTPAQPAPALSPALGPTLSVLMAMLAGWSVL,A1L453
6,"AP5M1_HUMAN,MUDEN_HUMAN",Q9H0R1,AP5M1_HUMAN,reviewed,AP-5 complex subunit mu-1 (Adaptor-related protein complex 5 subunit mu-1) (Mu5) (Mu-2-related death-inducing protein) (MuD) (Putative HIV-1 infection-related protein),55745;,AP5M1 C14orf108 MUDENG,490,MAQRAVWLISHEPGTPLCGTVRFSRRYPTVEKRARVFNGASYVPVPEDGPFLKALLFELRLLDDDKDFVESRDSCSRINKTSIYGLLIGGEELWPVVAFLKNDMIYACVPLVEQTLSPRPPLISVSGVSQGFEFLFGIQDFLYSGQKNDSELNTKLSQLPDLLLQACPFGTLLDANLQNSLDNTNFASVTQPQKQPAWKTGTYKGKPQVSISITEKVKSMQYDKQGIADTWQVVGTVTCKCDLEGIMPNVTISLSLPTNGSPLQDILVHPCVTSLDSAILTSSSIDAMDDSAFSGPYKFPFTPPLESFNLCFYTSQVPVPPILGFYQMKEEEVQLRITINLKLHESVKNNFEFCEAHIPFYNRGPITHLEYKTSFGQLEVFREKSLLIWIIGQKFPKSMEISLSGTVTFGAKSHEKQPFDPICTGETAYLKLHFRILDYTLTGCYADQHSVQVFASGKPKISAHRKLISSDYYIWNSKAPAPVTYGSLLL,Q9H0R1
7,"F71E2_HUMAN,YS038_HUMAN",Q8N5Q1,F71E2_HUMAN,reviewed,Protein FAM71E2,284418;,FAM71E2 C19orf16,922,MIWLRNRRCLEPLQGTPKWVPVLGELQKTLQKGEYLPLRPLPMFESNFVQVTHQGGPVFVNHRTNRLAMGVAASLPGLVLPDILLIGQPAEDRDCSGLVLTRMIPLDLVHLCVHDLSAWRLKLRLVSGRQYYLALDAPDNEVGFLFHCWVRLINLLQEPAPTWTPRTTRTAPLDMPLAEAPASTWHLQDQPISRHAVRVAERNFPHKTVAAQRQRKAKALKRSFKSQAVGDSVPLIWSQLEHADVRKKPAEKKSHSDPRPDRTHTQIRLPEKTSITTWTIFSIISSTANQTQSSPKACTSASDEATGQGHVVESPSHCVSADSPDGFFLGSCSSLDPCLWHQDTEDLMDSGGSTLSSAASGLAPYPPAACLSTPYSSIPRGREKAGPMGSHQGPGPPPCQKAPSGLVTSCKAPFLVDQSQKLPAVPASSWKPPPGLAPPQKAPAASAPPRKAPAVPAPSQKAPAVPAPSQKAPAIPAPSRKASAASASPRKASAVPAPPQKTPPPSQKAPSVPTIPQKAVSPTAPKKKSLLLPAPSQKALPTSPTEYQMALSPPASRGKLPGDFDVLPTGIPGRAVLERSQSGGKPEPVVTVRTQETDVVEMTTQAKSPESPFTVTKKESKDILISQTKEVTLEAFRGQGKLEDWAHWAKLEERSPDLPGVRSKELEQRKRWVKAKELAVEGPSQEHSRPFSVEALTLTKLMITANSKEQPSKSALVSLPSWLLATPQASATSMMASVPSRPGQLSLLEGKPVVVREQPESHTWVKEGKRPWGEMKEQPWGEMKEPPWDPKGPPKVPFRSKPTSASLKREGISQAPIPLTASPWEDLRPSPLSETLISKMEATARASQQPKRVSQEPMRMPAQHPLATVGSSSEILLPMLLELETVRNTATKAEEIQEESGVLNLLPSLQHSQHSEWPDAGA,Q8N5Q1
8,"EOGT_HUMAN,AER61_HUMAN",Q5NDL2,EOGT_HUMAN,reviewed,EGF domain-specific O-linked N-acetylglucosamine transferase (EC 2.4.1.255) (Extracellular O-linked N-acetylglucosamine transferase),285203;,EOGT AER61 C3orf64 EOGT1,527,MLMLFVFGVLLHEVSLSGQNEAPPNTHSIPGEPLYNYASIRLPEEHIPFFLHNNRHIATVCRKDSLCPYKKHLEKLKYCWGYEKSCKPEFRFGYPVCSYVDMGWTDTLESAEDIFWKQADFGYARERLEEMHVLCQPKETSDSSLVCSRYLQYCRATNLYLDLRNIKRNHDRFKEDFFQSGEIGGHCKLDIRTLTSEGQRKSPLQSWFAELQSYTQLNFRPIEDAKCDIVIEKPTYFMKLDAGVNMYHHFCDFINLYITQHVNNSFSTDVYIVMWDTSSYGYGDLFSDTWNAFTDYDVIHLKTYDSKRVCFKEAVFSLLPRMRYGLFYNTPLISGCQNTGLFRAFAQHVLHRLNITQEGPKDGKIRVTILARSTEYRKILNQNELVNALKTVSTFEVQIVDYKYRELGFLDQLRITHNTDIFIGMHGAGLTHLLFLPDWAAVFELYNCEDERCYLDLARLRGVHYITWRRQNKVFPQDKGHHPTLGEHPKFTNYSFDVEEFMYLVLQAADHVLQHPKWPFKKKHDEL,Q5NDL2
9,"COXAM_HUMAN,COXM1_HUMAN",Q7Z7K0,COXM1_HUMAN,reviewed,COX assembly mitochondrial protein homolog (Cmc1p),152100;,CMC1 C3orf68,106,MALDPADQHLRHVEKDVLIPKIMREKAKERCSEQVQDFTKCCKNSGVLMVVKCRKENSALKECLTAYYNDPAFYEECKMEYLKEREEFRKTGIPTKKRLQKLPTSM,Q7Z7K0
10,"SWI5_HUMAN,CI119_HUMAN",Q1ZZU3,SWI5_HUMAN,reviewed,DNA repair protein SWI5 homolog (HBV DNAPTP1-transactivated protein A) (Protein SAE3 homolog),375757;,SWI5 C9orf119 SAE3,235,MQRRGQRDLWRHNKSCARNRCPRPPRERGGAGFPWVRAQLSVRQFTLRVRVPGPVHLRGRSPTPALDPLAPLNPLIRGPRTPGLRRWIQSLALLLPNCSSSRIPTVPRPHSGLWVQSDFPLGFLSRTEPRLTRSCRGAFRSPRPLPKSGQADGTSEESLHLDIQKLKEKRDMLDKEISQFVSEGYSVDELEDHITQLHEYNDIKDVGQMLMGKLAVIRGVTTKELYPEFGLDMND,Q1ZZU3
11,"CJ131_HUMAN,C2D2B_HUMAN",Q6DHV5,C2D2B_HUMAN,reviewed,Protein CC2D2B,387707;,CC2D2B C10orf130 C10orf131,1437,MKKSQREDIFKKMSEEMDNITAEEIIDKHLQKDLDAEENQNVAKTLRGKVREKLKISKINKGEKSSTEQLIDSEIHQRSKLSPQTEVSLDESLSFFILSGEEGSALGKSSEQRPVNRSYPKCFSLGVNLQNVAESEEEEFMKEFILTDILKVKAADYEDDQEQIKKQKANIFVPSSSPVVNQRKLPKDMMPRILEDEGFYIQRKPEIYKKTCNKMENRLLKLEEGKCWFGESGEIMSLPTPIKQSWNFRLNVRKEPLNPLLKTIYRKAVKYDLGSSFMNKMEGSREIYQLDLNIVGLQFSHHHLFNQEQVLCARLLQLYECFQDRQQQNVSQLLYEKLKALTDATKLSNENSEINQLTRKSLQDYYWQISNTKQMYDLERGKDLSLLHSILRTWKQIKSLRHGQGFTSTPIKLQVQRIKMNKCDEQEQISEMSETEKKNEGKELKNGKKLESLSYLASDETEIERIKPITLRPQLSFTAELTSLSKCSLHEQKRRAKIQKLKYFIKIFYNNKQVSCTSVSPLQFDFKVMFQQIFNIQLMYWPEVICLEVYEKSKRTSLLAKLYIPLPNYTELKGKTALQYVEFSSDKLVMPADGEVGSNVPFLLEGNGTEELCLLTSGKLSYSLSWSLDENGLPLIPMPQSLRSSYCSMLRNVDARSVPGIPWLMNEQKLFEWANEVRIDPNNPEYSDLMESVTYMRLKGQDIPKYFRLEQLQDEFNFVSEEEMAKSKRFQLLQLRNAGQLDNFLLQQMPLHDTEIPDLVFQEYESQKEKEVSVSDVNSITAQRINSANFLKKVRRLIMKRIVKISKCNLSDIVNDYEEIVSTSQLTDAVCKFVEPRRKLKPQRKERKKVTAQAISDGDIKILVRIVRAYNIPTRKTTINGSLDMPTCLKSSISCLRHRETIKSVASDETLHEDTVHPFVEVSFQHTVYKTNTASGSHPCWNEEIKVDFVSPGHDYSFSSLSKIKDNIYINIFDEMMTEKHEDHCLKSCSGHSYIRKNWLGCIVFPFSALLQQSEISGTFQVTIPPVLLGYTWSNTYVFPKEDSNEQNLKECTFLNIFATIEPQISYVTCNPTLDKFLDQTEVLQRAQIFKKNCKAMFPNRRIVTTVFNDEGIQFLVTRYIKALNPPQQLLDIFLHNSNATFDLIARFVSLIPFVPNTPDENDGSDIWMTSEHCISLAIGNKEEHAILLCNFFLYFGKKALVLLGTSVLEGHVAYVVTQETNEYLLWNPSTGQCYKQFDPFCPLKSVDCLFDDRNVWFNIQQNNTPMAVFFDYSKESFWKQLLPKNVQGTKIQSIQPEEIIYFETDKSMVEDLRNRIERTLKSKVMEWRPKHPTHWNRQCTFILRQILPKLEFGIGSFVSSEGDNEFERILQFYWVTGFPIQMPYIDVQSIIDAVYQTGIHSAEFPQTEFALAVYIHPYPNNILSVWVYLASLVQHQ,Q6DHV5
12,"F218A_HUMAN,CD039_HUMAN",Q96MZ4,F218A_HUMAN,reviewed,Protein FAM218A,,FAM218A C4orf39,157,MEGCAVRRGSCPLLPGPSAWRASPAGWAGRAKLRSWCRASGLPNRPYTLTGGRHGSVSLLRHPGTTTFVQQRSLHQSWEKRIVFSACPVSRSWCPERNFSGSIPAVTPPKLPGHSKSEGPPGKVRKRTTIRSQPLFVTRTRGFGSAVGWLPLGSPVL,Q96MZ4
13,"POC1A_HUMAN,WD51A_HUMAN",Q8NBT0,POC1A_HUMAN,reviewed,POC1 centriolar protein homolog A (Pix2) (Proteome of centriole protein 1A) (WD repeat-containing protein 51A),25886;,POC1A WDR51A,407,MAAPCAEDPSLERHFKGHRDAVTCVDFSINTKQLASGSMDSCLMVWHMKPQSRAYRFTGHKDAVTCVNFSPSGHLLASGSRDKTVRIWVPNVKGESTVFRAHTATVRSVHFCSDGQSFVTASDDKTVKVWATHRQKFLFSLSQHINWVRCAKFSPDGRLIVSASDDKTVKLWDKSSRECVHSYCEHGGFVTYVDFHPSGTCIAAAGMDNTVKVWDVRTHRLLQHYQLHSAAVNGLSFHPSGNYLITASSDSTLKILDLMEGRLLYTLHGHQGPATTVAFSRTGEYFASGGSDEQVMVWKSNFDIVDHGEVTKVPRPPATLASSMGNLPEVDFPVPPGRGRSVESVQSQPQEPVSVPQTLTSTLEHIVGQLDVLTQTVSILEQRLTLTEDKLKQCLENQQLIMQRATP,Q8NBT0
14,"CA062_HUMAN,AKND1_HUMAN",Q5T1N1,AKND1_HUMAN,reviewed,Protein AKNAD1,254268;,AKNAD1 C1orf62,836,MDEADFSEHTTYKQEDLPYDGDLSQIKIGNDYSFTSKKDGLEVLNQIIFIADDPQEKAMHSETCGNTAVTIPLGKITENAANKKDEKEKQCTAALHIPANEGDASKSSISDILLHHLSKEPFLRGQGIDCETLPEISNADSFEEEAIIKSIISCYNKNSWPKEQTPELTDQLNPKRDGENSNKPGSATTTEENTSDLEGPVAAGDSSHQENVNVLTKTKGPGDKQKSYQGQSPQKQQTEKANSGNTFKYGQGQVHYQLPDFSKIAPKVKIPKNKIINKPLAIAKQASFSSKSRDKPTLVQDSLETTPESNCVEKQHQEQKGKITEPSQQIQMEPIVHIHQELLTGIESEASLSKLSPTSQKGTSSSSSYIFQKISQGKQMCQKLKEQTDQLKTKVQEFSKRIKQDSPYHLQDKKLVLEKLQGHLELLEQNFLATKDKHLTLQQQVHKHESTIVGDFDPERKVEGEIFKLEMLLEDVKEKMDESKYTSAPSLPVSSPVTLDDLASTFSSLSNEIPKEHPGHPSGPRGSGGSEVTGTPQGGPQEAPNEELCELAPQTYLNGHYGDAAAQNKPDQVAMRLSSNSGEDPNGTPRRQDCAEMTAPSPSCAFCRRLLEWKQNVEKKGHGRINCGRFSIVLHEKAPHSDSTPNSDTGHSFCSDSGTEMQSNKCQDCGTKIPTSRRACRKEPTKEFHYRYNTPGQNYSNHSKRGAFVQPHSLDESKNSSPSFLKPKRICSQRVNSKSFKGEHEPTPGKKKLQAFMTYSSDPATPSPHFYSCRISGSKSLCDFDSTEEIKSEILNSALDHALRTATILKETTDQMIKTIAEDLAKAQRWRNRLKY,Q5T1N1
15,"F204A_HUMAN,CJ084_HUMAN",Q9H8W3,F204A_HUMAN,reviewed,Protein FAM204A,63877;,FAM204A C10orf84,233,MWSGLLPPGLNESDAESNSEDEATLENSGLNLQEDKEDESIRKTEIIDFSTDEPKTETESNVNAYEECPSGIPIDMWNKFQELHKKHSEQKSTTSRFRGKRRKRSRKDKLKNEKELHSEPSSNETQWKELTQYFGVNDRFDPPVKRKKVEKSGLEKRIDQAVEEWNIEKAEELSNQLATRELGVKIAKAVACHNFVKAKKEVENSQAARKKKKLAWGFEAKKRWETKSNMGYM,Q9H8W3
16,"CI102_HUMAN,RAD26_HUMAN",Q5T890,ER6L2_HUMAN,reviewed,DNA excision repair protein ERCC-6-like 2 (EC 3.6.4.-) (DNA repair and recombination protein RAD26-like),375748;,ERCC6L2 C9orf102 RAD26L,1561,MQPGSAPPPGRMDPSAPQPRAETSGKDIWHPGERCLAPSPDNGKLCEASIKSITVDENGKSFAVVLYADFQERKIPLKQLQEVKFVKDCPRNLIFDDEDLEKPYFPNRKFPSSSVAFKLSDNGDSIPYTINRYLRDYQREGTRFLYGHYIHGGGCILGDDMGLGKTVQVISFLAAVLHKKGTREDIENNMPEFLLRSMKKEPLSSTAKKMFLIVAPLSVLYNWKDELDTWGYFRVTVLHGNRKDNELIRVKQRKCEIALTTYETLRLCLDELNSLEWSAVIVDEAHRIKNPKARVTEVMKALKCNVRIGLTGTILQNNMKELWCVMDWAVPGLLGSGTYFKKQFSDPVEHGQRHTATKRELATGRKAMQRLAKKMSGWFLRRTKTLIKDQLPKKEDRMVYCSLTDFQKAVYQTVLETEDVTLILQSSEPCTCRSGQKRRNCCYKTNSHGETVKTLYLSYLTVLQKVANHVALLQAASTSKQQETLIKRICDQVFSRFPDFVQKSKDAAFETLSDPKYSGKMKVLQQLLNHCRKNRDKVLLFSFSTKLLDVLQQYCMASGLDYRRLDGSTKSEERLKIVKEFNSTQDVNICLVSTMAGGLGLNFVGANVVVLFDPTWNPANDLQAIDRAYRIGQCRDVKVLRLISLGTVEEIMYLRQIYKQQLHCVVVGSENAKRYFEAVQGSKEHQGELFGIHNLFKFRSQGSCLTKDILEREGQVEAGIMTATTWLKEGPPAHKLEMPRQPDCQECRGTEQAAEPLAKEACDLCSDFSDEEPVGATGIKTAKNKAPDSSKASSSPGQLTLLQCGFSKLLETKCKAVEDSDGNTASDDESSDEQPTCLSTEAKDAGCEKNQDSLGTSKHQKLDNILNPKEKHIFYKSEKILEQNISSKSDEKKIKNTDKHCILQNVTESEDSDVICPTQYTTERFPDNSIRFKPPLEGSEDSETEHTVKTRNNDNSRNTDDKRNGIISKKLSPENTTLKSILKRKGTSDISDESDDIEISSKSRVRKRASSLRFKRIKETKKELHNSPKTMNKTNQVYAANEDHNSQFIDDYSSSDESLSVSHFSFSKQSHRPRTIRDRTSFSSKLPSHNKKNSTFIPRKPMKCSNEKVVNQEQSYESMDKFLDGVQEVAYIHSNQNVIGSSKAENHMSRWAAHDVFELKQFSQLPANIAVCSSKTYKEKVDADTLPHTKKGQQPSEGSISLPLYISNPVNQKKKKVYHTNQTTFIIGETPKGIRRKQFEEMASYFNSSSVNEFAKHITNATSEERQKMLRDFYASQYPEVKEFFVDSVSQFNNSSFEKGEQRTRKKSDKRESLIKPRLSDSETLSFKDSTNKISQVCSLKTYKRKSVKFQNHISYREEVFFNDAETKKSPVSSTQEIDSGKNSQASEDTVTSRSLNSESETRERRLENTMKDQQDLTRTGISRKEPLLKLENKKIENPVLENTSVISLLGDTSILDDLFKSHGNSPTQLPKKVLSGPMEKAKQRPKDFWDILNEQNDESLSKLTDLAVIETLCEKAPLAAPFKRREEPATSLWKSNEKFLWKKFSPSDTDENATNTQSTT,Q5T890
17,"BEAN1_HUMAN,BEAN_HUMAN",Q3B7T3,BEAN1_HUMAN,reviewed,Protein BEAN1 (Brain-expressed protein associating with Nedd4 homolog) (BEAN),146227;,BEAN1,259,MSFKRPCPLARYNRTSYFYPTFSESSEHSHLLVSPVLVASAVIGVVIILSCITIIVGSIRRDRQARLQRHRHRHHRHHHHHHHHRRRRHREYEHGYVSDEHTYSRSSRRMRYACSSSEDWPPPLDISSDGDVDATVLRELYPDSPPGYEECVGPGATQLYVPTDAPPPYSLTDSCPTLDGTSDSGSGHSPGRHQQEQRTPAQGGLHTVSMDTLPPYEAVCGAGPPSGLLPLPGPDPGPRGSQGSPTPTRAPASGPERIV,Q3B7T3
18,"SL9C1_HUMAN,S9A10_HUMAN",Q4G0N8,SL9C1_HUMAN,reviewed,Sodium/hydrogen exchanger 10 (Na(+)/H(+) exchanger 10) (NHE-10) (Solute carrier family 9 member 10) (Solute carrier family 9 member C1) (Sperm-specific Na(+)/H(+) exchanger) (sNHE),285335;,SLC9C1 SLC9A10,1177,MAGIFKEFFFSTEDLPEVILTLSLISSIGAFLNRHLEDFPIPVPVILFLLGCSFEVLSFTSSQVQRYANAIQWMSPDLFFRIFTPVVFFTTAFDMDTYMLQKLFWQILLISIPGFLVNYILVLWHLASVNQLLLKPTQWLLFSAILVSSDPMLTAAAIRDLGLSRSLISLINGESLMTSVISLITFTSIMDFDQRLQSKRNHTLAEEIVGGICSYIIASFLFGILSSKLIQFWMSTVFGDDVNHISLIFSILYLIFYICELVGMSGIFTLAIVGLLLNSTSFKAAIEETLLLEFWTFLSRIAFLMVFTFFGLLIPAHTYLYIEFVDIYYSLNIYLTLIVLRFLTLLLISPVLSRVGHEFSWRWIFIMVCSEMKGMPNINMALLLAYSDLYFGSDKEKSQILFHGVLVCLITLVVNRFILPVAVTILGLRDATSTKYKSVCCTFQHFQELTKSAASALKFDKDLANADWNMIEKAITLENPYMLNEEETTEHQKVKCPHCNKEIDEIFNTEAMELANRRLLSAQIASYQRQYRNEILSQSAVQVLVGAAESFGEKKGKCMSLDTIKNYSESQKTVTFARKLLLNWVYNTRKEKEGPSKYFFFRICHTIVFTEEFEHVGYLVILMNIFPFIISWISQLNVIYHSELKHTNYCFLTLYILEALLKIAAMRKDFFSHAWNIFELAITLIGILHVILIEIDTIKYIFNETEVIVFIKVVQFFRILRIFKLIAPKLLQIIDKRMSHQKTFWYGILKGYVQGEADIMTIIDQITSSKQIKQMLLKQVIRNMEHAIKELGYLEYDHPEIAVTVKTKEEINVMLNMATEILKAFGLKGIISKTEGAGINKLIMAKKKEVLDSQSIIRPLTVEEVLYHIPWLDKNKDYINFIQEKAKVVTFDCGNDIFEEGDEPKGIYIIISGMVKLEKSKPGLGIDQMVESKEKDFPIIDTDYMLSGEIIGEINCLTNEPMKYSATCKTVVETCFIPKTHLYDAFEQCSPLIKQKMWLKLGLAITARKIREHLSYEDWNYNMQLKLSNIYVVDIPMSTKTDIYDENLIYVILIHGAVEDCLLRKTYRAPFLIPITCHQIQSIEDFTKVVIIQTPINMKTFRRNIRKFVPKHKSYLTPGLIGSVGTLEEGIQEERNVKEDGAHSAATARSPQPCSLLGTKFNCKESPRINLRKVRKE,Q4G0N8
19,"F200A_HUMAN,CG038_HUMAN",Q8TCP9,F200A_HUMAN,reviewed,Protein FAM200A,221786;,FAM200A C7orf38,573,MTPESRDTTDLSPGGTQEMEGIVIVKVEEEDEEDHFQKERNKVESSPQVLSRSTTMNERALLSSYLVAYRVAKEKMAHTAAEKIILPACMDMVRTIFDDKSADKLRTIPLSDNTISRRICTIAKHLEAMLITRLQSGIDFAIQLDESTDIASCPTLLVYVRYVWQDDFVEDLLCCLNLNSHITGLDLFTELENCLLGQYKLNWKHCKGISSDGTANMTGKHSRLTEKLLEATHNNAVWNHCFIHREALVSKEISPSLMDVLKNAVKTVNFIKGSSLNSRLLEIFCSEIGVNHTHLLFHTEVRWLSQGKVLSRVYELRNEIYIFLVEKQSHLANIFEDDIWVTKLAYLSDIFGILNELSLKMQGKNNDIFQYLEHILGFQKTLLLWQARLKSNRPSYYMFPTLLQHIEENIINEDCLKEIKLEILLHLTSLSQTFNYYFPEEKFESLKENIWMKDPFAFQNPESIIELNLEPEEENELLQLSSSFTLKNYYKILSLSAFWIKIKDDFPLLSRKSILLLLPFTTTYLCELGFSILTRLKTKKRNRLNSAPDMRVALSSCVPDWKELMNRQAHPSH,Q8TCP9
20,"TEX33_HUMAN,EAN57_HUMAN",O43247,TEX33_HUMAN,reviewed,Testis-expressed protein 33,339669;,TEX33 C22orf33 EAN57,280,MELGHGAGTTTFTRAHLNDKEGQQDLDPWKAAYSSLDTSKFKNQGLSSPQPLPLGASAQGSSLGQCHLKEIPPPPPTAASRDSLGMDPQSRSLKNAGSRSSSRENRATSGEGAQPCQGTDDGPSLGAQDQRSTPTNQKGSIIPNNIRHKFGSNVVDQLVSEEQAQKAIDEVFEGQKRASSWPSRTQNPVEISSVFSDYYDLGYNMRSNLFRGAAEETKSLMKASYTPEVIEKSVRDLEHWHGRKTDDLGRWHQKNAMNLNLQKALEEKYGENSKSKSSKY,O43247
21,"F203A_HUMAN,F203B_HUMAN",Q9BTY7,HGH1_HUMAN,reviewed,Protein HGH1 homolog,51236;,HGH1 C8orf30A C8orf30B FAM203A FAM203B,390,MGEAGAGAGASGGPEASPEAEVVKLLPFLAPGARADLQAAAVRHVLALTGCGPGRALLAGQAALLQALMELAPASAPARDAARALVNLAADPGLHETLLAADPGLPARLMGRALDPQWPWAEEAAAALANLSREPAPCAALMAALAAAEPADSGLERLVRALCTPGYNARAPLHYLAPLLSNLSQRPAARAFLLDPDRCVVQRLLPLTQYPDSSVRRGGVVGTLRNCCFEHRHHEWLLGPEVDILPFLLLPLAGPEDFSEEEMERLPVDLQYLPPDKQREPDADIRKMLVEAIMLLTATAPGRQQVRDQGAYLILRELHSWEPEPDVRTACEKLIQVLIGDEPERGMENLLEVQVPEDVEQQLQQLDCREQEQLERELAPEPWVERATPT,Q9BTY7
22,"CG046_HUMAN,F221A_HUMAN",A4D161,F221A_HUMAN,reviewed,Protein FAM221A,340277;,FAM221A C7orf46,298,MERLTLPLGGAAAVDEYLEYRRIVGEDDGGKLFTPEEYEEYKRKVLPLRLQNRLFVSWRSPTGMDCKLVGPETLCFCTHRYKQHKTDLEAIPQQCPIDLPCQVTGCQCRAYLYVPLNGSQPIRCRCKHFADQHSAAPGFTCNTCSKCSGFHSCFTCACGQPAYAHDTVVETKQERLAQEKPVGQDIPYAAMGGLTGFSSLAEGYMRLDDSGIGVPSVEFLESPITAVDSPFLKAFQASSSSSPETLTDVGTSSQVSSLRRPEEDDMAFFERRYQERMKMEKAAKWKGKAPLPSATKPS,A4D161
23,"RS17L_HUMAN,RS17_HUMAN",P08708,RS17_HUMAN,reviewed,40S ribosomal protein S17 (Small ribosomal subunit protein eS17),6218;,RPS17 RPS17L,135,MGRVRTKTVKKAARVIIEKYYTRLGNDFHTNKRVCEEIAIIPSKKLRNKIAGYVTHLMKRIQRGPVRGISIKLQEEERERRDNYVPEVSALDQEIIEVDPDTKEMLKLLDFGSLSNLQVTQPTVGMNFKTPRGPV,P08708
24,"CQ037_HUMAN,MIEN1_HUMAN",Q9BRT3,MIEN1_HUMAN,reviewed,Migration and invasion enhancer 1 (HBV X-transactivated gene 4 protein) (HBV XAg-transactivated protein 4) (Protein C35),84299;,MIEN1 C17orf37 RDX12 XTP4,115,MSGEPGQTSVAPPPEEVEPGSGVRIVVEYCEPCGFEATYLELASAVKEQYPGIEIESRLGGTGAFEIEINGQLVFSKLENGGFPYEKDLIEAIRRASNGETLEKITNSRPPCVIL,Q9BRT3
25,"RUAS1_HUMAN,CA104_HUMAN",Q66K80,RUAS1_HUMAN,reviewed,Putative uncharacterized protein RUSC1-AS1 (RUSC1 antisense RNA 1) (RUSC1 antisense gene protein 1),,RUSC1-AS1 C1orf104,236,MEPGGSENAAALWISEGGRGPGRGPGPEWTSRSLLPQSGPALQPTPYSQRKGPRETHPDALKGGGGWGWGNTQSLSGECRKGVGAGEEKDGAAVSLSTPHLLAASAGLQPAPSPLGTAVCPFSPHSSPSFSHHRTLSLFISPAPLSCPAPRAQVHRSTPMGRALLTRVLLEPLRPWACPRLPRSPPGGAQSGRGGALAQPTLRCAAAPLRAWAWRSSDPPPAFSVFCHPPRGFDIS,Q66K80
26,"ZF64A_HUMAN,ZF64B_HUMAN",Q9NTW7,ZF64B_HUMAN,reviewed,Zinc finger protein 64 (Zfp-64) (Zinc finger protein 338),55734;,ZFP64 ZNF338,645,MNASSEGESFAGSVQIPGGTTVLVELTPDIHICGICKQQFNNLDAFVAHKQSGCQLTGTSAAAPSTVQFVSEETVPATQTQTTTRTITSETQTITVSAPEFVFEHGYQTYLPTESNENQTATVISLPAKSRTKKPTTPPAQKRLNCCYPGCQFKTAYGMKDMERHLKIHTGDKPHKCEVCGKCFSRKDKLKTHMRCHTGVKPYKCKTCDYAAADSSSLNKHLRIHSDERPFKCQICPYASRNSSQLTVHLRSHTASELDDDVPKANCLSTESTDTPKAPVITLPSEAREQMATLGERTFNCCYPGCHFKTVHGMKDLDRHLRIHTGDKPHKCEFCDKCFSRKDNLTMHMRCHTSVKPHKCHLCDYAAVDSSSLKKHLRIHSDERPYKCQLCPYASRNSSQLTVHLRSHTGDTPFQCWLCSAKFKISSDLKRHMIVHSGEKPFKCEFCDVRCTMKANLKSHIRIKHTFKCLHCAFQGRDRADLLEHSRLHQADHPEKCPECSYSCSSAAALRVHSRVHCKDRPFKCDFCSFDTKRPSSLAKHVDKVHRDEAKTENRAPLGKEGLREGSSQHVAKIVTQRAFRCETCGASFVRDDSLRCHKKQHSDQSENKNSDLVTFPPESGASGQLSTLVSVGQLEAPLEPSQDL,
27,"ANR43_HUMAN,SWAHA_HUMAN",Q2M3V2,SWAHA_HUMAN,reviewed,Ankyrin repeat domain-containing protein SOWAHA (Ankyrin repeat domain-containing protein 43) (Protein sosondowah homolog A),,SOWAHA ANKRD43,549,MALAAAAAAAAAGVSQAAVLGFLQEHGGKVRNSELLSRFKPLLDAGDPRGRAARRDRFKQFVNNVAVVKELDGVKFVVLRKKPRPPEPEPAPFGPPGAAAQPSKPTSTVLPRSASAPGAPPLVRVPRPVEPPGDLGLPTEPQDTPGGPASEPAQPPGERSADPPLPALELAQATERPSADAAPPPRAPSEAASPCSDPPDAEPGPGAAKGPPQQKPCMLPVRCVPAPATLRLRAEEPGLRRQLSEEPSPRSSPLLLRRLSVEESGLGLGLGPGRSPHLRRLSRAGPRLLSPDAEELPAAPPPSAVPLEPSEHEWLVRTAGGRWTHQLHGLLLRDRGLAAKRDFMSGFTALHWAAKSGDGEMALQLVEVARRSGAPVDVNARSHGGYTPLHLAALHGHEDAAVLLVVRLGAQVHVRDHSGRRAYQYLRPGSSYALRRLLGDPGLRGTTEPDATGGGSGSLAARRPVQVAATILSSTTSAFLGVLADDLMLQDLARGLKKSSSFSKFLSASPMAPRKKTKIRGGLPAFSEISRRPTPGPLAGLVPSFPPTT,Q2M3V2
28,"MMP37_HUMAN,TAM41_HUMAN",Q96BW9,TAM41_HUMAN,reviewed,"Phosphatidate cytidylyltransferase, mitochondrial (EC 2.7.7.41) (CDP-diacylglycerol synthase) (CDP-DAG synthase) (Mitochondrial translocator assembly and maintenance protein 41 homolog) (TAM41)",132001;,TAMM41 C3orf31,452,MALQTLQSSWVTFRKILSHFPEELSLAFVYGSGVYRQAGPSSDQKNAMLDFVFTVDDPVAWHSKNLKKNWSHYSFLKVLGPKIITSIQNNYGAGVYYNSLIMCNGRLIKYGVISTNVLIEDLLNWNNLYIAGRLQKPVKIISVNEDVTLRSALDRNLKSAVTAAFLMLPESFSEEDLFIEIAGLSYSGDFRMVVGEDKTKVLNIVKPNIAHFRELYGSILQENPQVVYKSQQGWLEIDKSPEGQFTQLMTLPKTLQQQINHIMDPPGKNRDVEETLFQVAHDPDCGDVVRLGLSAIVRPSSIRQSTKGIFTAGKSFGNPCVTYLLTEWLPHSWLQCKALYLLGACEMLSFDGHKLGYCSKVQTGITAAEPGGRTMSDHWQCCWKLYCPSEFSETLPVCRVFPSYCFIYQSYRCIGLQKQQHLCSPSSSPSLRQLLPSVLVGYFCCYCHFSKW,Q96BW9
29,"F222B_HUMAN,CQ063_HUMAN",Q8WU58,F222B_HUMAN,reviewed,Protein FAM222B,55731;,FAM222B C17orf63,562,MLACLPGPGDLSFQLLSHTQMNTGLQKWDTTQKMRTAHYPTPAELDAYAKKVANNPLTIKIFPNSVKVPQRKHVRRTVNGLDTSAQRYSPYPTQAATKAGLLAIVKVPAKSILKDFDGTRARLLPEAIMNPPVAPYATVAPSTLAHPQAQALARQQALQHAQTLAHAPPQTLQHPQGIPPPQALSHPQSLQQPQGLGHPQPMAQTQGLVHPQALAHQGLQHPHNPLLHGGRKMPDSDAPPNVTVSTSTIPLSMAATLQHSQPPDLSSIVHQINQFCQTRAGISTTSVCEGQIANPSPISRSLLINASTRVSTHSVPTPMPSCVVNPMEHTHAATAALPAAGPVNLPTGISRVPTGYPSDLKPVTWNQHQLAHLQQMCSEASGTPAPGLTGKHAAGRELAGPGFVGKAPAYPQELCLAQSFHLKPPLEKPTPSPPVNGMAAPLAYPNGHYFQPLWNNILPTPNSDSSGSQDLAMPFHGGQPTGAPLDCAAAPGAHYRAGTGGGPVASQNSLMQTVDYLSGDFQQACFREQSLAMLSKAHRAPGNRAPDPTESRSLHIQHPGYR,Q8WU58
30,"TEAN2_HUMAN,CA083_HUMAN",Q96MN5,TEAN2_HUMAN,reviewed,Transcription elongation factor A N-terminal and central domain-containing protein 2,127428;,TCEANC2 C1orf83,208,MDKFVIRTPRIQNSPQKKDSGGKVYKQATIESLKRVVVVEDIKRWKTMLELPDQTKENLVEALQELKKKIPSREVLKSTRIGHTVNKMRKHSDSEVASLAREVYTEWKTFTEKHSNRPSIEVRSDPKTESLRKNAQKLLSEALELKMDHLLVENIERETFHLCSRLINGPYRRTVRALVFTLKHRAEIRAQVKSGSLPVGTFVQTHKK,Q96MN5
31,"CE035_HUMAN,SETD9_HUMAN",Q8NE22,SETD9_HUMAN,reviewed,SET domain-containing protein 9 (EC 2.1.1.-),133383;,SETD9 C5orf35,299,MPGRLLRGLWQRWRRYKYRFVPWIALNLSHNPRTLRYVPEESKDKVISDEDVLGTLLKVFQALFLNDFNKQSEILSMLPESVKSKYQDLLAVEHQGVKLLENRHQQQSTFKPEEILYKTLGFSVAQATSSLISAGKGVFVTKGLVPKGAVVSMYPGTVYQKYEPIFFQSIGNPFIFRCLDGVLIDGNDKGISKVVYRSCNGRDRLGPLKMSDSTWLTSEIHNPLAVGQYVNNCSNDRAANVCYQEFDVPAVFPIELKQYLPNIAYSYDKQSPLRCVVLVALRDINQGEELFSNYYTIVS,Q8NE22
32,"AMFR1_HUMAN,AMFR2_HUMAN",Q9UKV5,AMFR_HUMAN,reviewed,E3 ubiquitin-protein ligase AMFR (EC 2.3.2.27) (Autocrine motility factor receptor) (AMF receptor) (RING finger protein 45) (RING-type E3 ubiquitin transferase AMFR) (gp78),267;,AMFR RNF45,643,MPLLFLERFPWPSLRTYTGLSGLALLGTIISAYRALSQPEAGPGEPDQLTASLQPEPPAPARPSAGGPRARDVAQYLLSDSLFVWVLVNTACCVLMLVAKLIQCIVFGPLRVSERQHLKDKFWNFIFYKFIFIFGVLNVQTVEEVVMWCLWFAGLVFLHLMVQLCKDRFEYLSFSPTTPMSSHGRVLSLLVAMLLSCCGLAAVCSITGYTHGMHTLAFMAAESLLVTVRTAHVILRYVIHLWDLNHEGTWEGKGTYVYYTDFVMELTLLSLDLMHHIHMLLFGNIWLSMASLVIFMQLRYLFHEVQRRIRRHKNYLRVVGNMEARFAVATPEELAVNNDDCAICWDSMQAARKLPCGHLFHNSCLRSWLEQDTSCPTCRMSLNIADNNRVREEHQGENLDENLVPVAAAEGRPRLNQHNHFFHFDGSRIASWLPSFSVEVMHTTNILGITQASNSQLNAMAHQIQEMFPQVPYHLVLQDLQLTRSVEITTDNILEGRIQVPFPTQRSDSIRPALNSPVERPSSDQEEGETSAQTERVPLDLSPRLEETLDFGEVEVEPSEVEDFEARGSRFSKSADERQRMLVQRKDELLQQARKRFLNKSSEDDAASESFLPSEGASSDPVTLRRRMLAAAAERRLQKQQTS,Q9UKV5
33,"PSG6_HUMAN,PSG10_HUMAN",Q00889,PSG6_HUMAN,reviewed,Pregnancy-specific beta-1-glycoprotein 6 (PS-beta-G-6) (PSBG-6) (Pregnancy-specific glycoprotein 6) (Pregnancy-specific beta-1-glycoprotein 10) (PS-beta-G-10) (PSBG-10) (Pregnancy-specific glycoprotein 10) (Pregnancy-specific beta-1-glycoprotein 12) (PS-beta-G-12) (PSBG-12) (Pregnancy-specific glycoprotein 12),5675;,PSG6 CGM3 PSG10 PSG12 PSGGB,435,MGPLSAPPCTQHITWKGLLLTASLLNFWNLPTTAQVIIEAKPPKVSEGKDVLLLVHNLPQNLTGYIWYKGQMTDLYHYITSYVVHGQIIYGPAYSGRETVYSNASLLIQNVTQEDAGSYTLHIIKRGDGTGGVTGYFTVTLYSETPKPSISSSNLNPREVMEAVRLICDPETPDASYLWLLNGQNLPMTHRLQLSKTNRTLYLFGVTKYIAGPYECEIRNPVSASRSDPVTLNLLPKLPMPYITINNLNPREKKDVLAFTCEPKSRNYTYIWWLNGQSLPVSPRVKRPIENRILILPSVTRNETGPYQCEIRDRYGGIRSNPVTLNVLYGPDLPRIYPSFTYYRSGENLDLSCFADSNPPAEYSWTINGKFQLSGQKLFIPQITTNHSGLYACSVRNSATGKEISKSMIVKVSETASPQVTYAGPNTWFQEILLL,Q00889
34,"MAP2_HUMAN,AMPM2_HUMAN",P50579,MAP2_HUMAN,reviewed,Methionine aminopeptidase 2 (MAP 2) (MetAP 2) (EC 3.4.11.18) (Initiation factor 2-associated 67 kDa glycoprotein) (p67) (p67eIF2) (Peptidase M),10988;,METAP2 MNPEP P67EIF2,478,MAGVEEVAASGSHLNGDLDPDDREEGAASTAEEAAKKKRRKKKKSKGPSAAGEQEPDKESGASVDEVARQLERSALEDKERDEDDEDGDGDGDGATGKKKKKKKKKRGPKVQTDPPSVPICDLYPNGVFPKGQECEYPPTQDGRTAAWRTTSEEKKALDQASEEIWNDFREAAEAHRQVRKYVMSWIKPGMTMIEICEKLEDCSRKLIKENGLNAGLAFPTGCSLNNCAAHYTPNAGDTTVLQYDDICKIDFGTHISGRIIDCAFTVTFNPKYDTLLKAVKDATNTGIKCAGIDVRLCDVGEAIQEVMESYEVEIDGKTYQVKPIRNLNGHSIGQYRIHAGKTVPIVKGGEATRMEEGEVYAIETFGSTGKGVVHDDMECSHYMKNFDVGHVPIRLPRTKHLLNVINENFGTLAFCRRWLDRLGESKYLMALKNLCDLGIVDPYPPLCDIKGSYTAQFEHTILLRPTCKEVVSRGDDY,P50579
35,"CA125_HUMAN,AXDN1_HUMAN",Q5T1B0,AXDN1_HUMAN,reviewed,Axonemal dynein light chain domain-containing protein 1,126859;,AXDND1 C1orf125,1012,MSLPKTPSTPLNSTSTSESKKLKVSVAKEGTRGLPELKEKKNMVDRSKLLPTSLQNEFIPKEVLLSLTYAANAGPCPENLLPPKKIKTPKGTLPRLVDHVWHHPVRRNKFKYLIDHPVSLTGAGRDISFLYDVTYAKGQTREKAVCPPHLARSLQSHDGVIVPHKPKTLTDTLIPEEFHIVSSTGVSGLECYDDKYTTLLTDSENRLLLFPSMKPNKRVEVAQLNDVMDTMLERAGVENQEYTGPTKMHKLLHILKKEQTIYNMIFHELIRQVSVDCADRGELLSKVRERYVQMLDQIARQMIDFYKDLVTQRVMDQRILEELYNFKHVIEELTRELCLVRAHDVKLTKETEKAHKDLAQALLNAEKNAKIVEEYHDLYTLQRERMENDMKKLVAERDIWSSATYELALKVIERNRVILARRLYLNEKGWNKYTKHFIILLSNKDTEDLALLQKLTQKWRNLVNKLKQEVEQMEESTSETLKIVKDGLIKWQEFFNEKDILSPNKGNIFNSVLLDFKQWQKILNEKKEEFTGDVLLSKYDTLKIIKHLQENWADIGLGIFNRHKSLEGEMPSERQYMEEIIKNIQKLYKEYEIRINGDNGYSKILPSLISSLDFCSFKLENLEFPDTPLEEWQEIDEKINEMKSHLDILLNLTGIVPQHIDVDSVSVLQAYIFNMIQQWLLKIGNEINNGNIELQHHMDELHISMIQWMVNLLILMIPNFTDQDCLLKLEEESAEKHDIGVARLELDAIELTRKLYQYSSYLSSCCKGMVTAMALSKSTNSHKNATEDLYEVDKLKKECYEWINTCSCLLSNIKGRKITLLTYEEIERLLEEEAVKEFIEPEIDESFKEDEEESKEDRKLQEENKERAEEQPSTSTEKEKLIRFIGEDENVHSKPLFETDVLSSWRESAKQGTLAQKYLEAMAVIEHMQEKLLEVENRARQAEEKFEDAYEKLHHTLIKNKDLEELVMTSRKESKEEKENQDEREVKEEEEQQEEEEVRSAENSSKSPKKGH,Q5T1B0
36,"TM242_HUMAN,CF035_HUMAN",Q9NWH2,TM242_HUMAN,reviewed,Transmembrane protein 242,729515;,TMEM242 C6orf35 BM-033 HSPC287,141,METAGAATGQPASGLEAPGSTNDRLFLVKGGIFLGTVAAAGMLAGFITTLSLAKKKSPEWFNKGSMATAALPESGSSLALRALGWGSLYAWCGVGVISFAVWKALGVHSMNDFRSKMQSIFPTIPKNSESAVEWEETLKSK,Q9NWH2
37,"GTDC2_HUMAN,AGO61_HUMAN",Q8NAT1,PMGT2_HUMAN,reviewed,"Protein O-linked-mannose beta-1,4-N-acetylglucosaminyltransferase 2 (POMGnT2) (EC 2.4.1.312) (Extracellular O-linked N-acetylglucosamine transferase-like) (Glycosyltransferase-like domain-containing protein 2)",84892;,POMGNT2 AGO61 C3orf39 EOGTL GTDC2,580,MHLSAVFNALLVSVLAAVLWKHVRLREHAATLEEELALSRQATEPAPALRIDYPKALQILMEGGTHMVCTGRTHTDRICRFKWLCYSNEAEEFIFFHGNTSVMLPNLGSRRFQPALLDLSTVEDHNTQYFNFVELPAAALRFMPKPVFVPDVALIANRFNPDNLMHVFHDDLLPLFYTLRQFPGLAHEARLFFMEGWGEGAHFDLYKLLSPKQPLLRAQLKTLGRLLCFSHAFVGLSKITTWYQYGFVQPQGPKANILVSGNEIRQFARFMTEKLNVSHTGVPLGEEYILVFSRTQNRLILNEAELLLALAQEFQMKTVTVSLEDHTFADVVRLVSNASMLVSMHGAQLVTTLFLPRGATVVELFPYAVNPDHYTPYKTLAMLPGMDLQYVAWRNMMPENTVTHPERPWDQGGITHLDRAEQARILQSREVPRHLCCRNPEWLFRIYQDTKVDIPSLIQTIRRVVKGRPGPRKQKWTVGLYPGKVREARCQASVHGASEARLTVSWQIPWNLKYLKVREVKYEVWLQEQGENTYVPYILALQNHTFTENIKPFTTYLVWVRCIFNKILLGPFADVLVCNT,Q8NAT1
38,"CK051_HUMAN,APC15_HUMAN",P60006,APC15_HUMAN,reviewed,Anaphase-promoting complex subunit 15 (APC15),25906;,ANAPC15 C11orf51 HSPC020,121,MSTLFPSLFPRVTETLWFNLDRPCVEETELQQQEQQHQAWLQSIAEKDNNLVPIGKPASEHYDDEEEEDDEDDEDSEEDSEDDEDMQDMDEMNDYNESPDDGEVNEVDMEGNEQDQDQWMI,P60006
39,"LACC1_HUMAN,CM031_HUMAN",Q8IV20,LACC1_HUMAN,reviewed,Purine nucleoside phosphorylase LACC1 (EC 2.4.2.1) (Adenosine deaminase LACC1) (EC 3.5.4.4) (Fatty acid metabolism-immunity nexus) (Guanosine phosphorylase LACC1) (Laccase domain-containing protein 1) (S-methyl-5'-thioadenosine phosphorylase LACC1) (EC 2.4.2.28),144811;,LACC1 C13orf31 FAMIN,430,MAEAVLIDLFGLKLNSQKNCHQTLLKTLNAVQYHHAAKAKFLCIMCCSNISYERDGEQDNCEIETSNGLSALLEEFEIVSCPSMAATLYTIKQKIDEKNLSSIKVIVPRHRKTLMKAFIDQLFTDVYNFEFEDLQVTFRGGLFKQSIEINVITAQELRGIQNEIETFLRSLPALRGKLTIITSSLIPDIFIHGFTTRTGGISYIPTLSSFNLFSSSKRRDPKVVVQENLRRLANAAGFNVEKFYRIKTHHSNDIWIMGRKEPDSYDGITTNQRGVTIAALGADCIPIVFADPVKKACGVAHAGWKGTLLGVAMATVNAMIAEYGCSLEDIVVVLGPSVGPCCFTLPRESAEAFHNLHPACVQLFDSPNPCIDIRKATRILLEQGGILPQNIQDQNQDLNLCTSCHPDKFFSHVRDGLNFGTQIGFISIKE,Q8IV20
40,"CM028_HUMAN,SPAC7_HUMAN",Q96KW9,SPAC7_HUMAN,reviewed,Sperm acrosome-associated protein 7,122258;,SPACA7 C13orf28,195,MAVSQGDGTLCFVLLLCCWQETELRPRTVIPGSPTEIPFSSKQEDMSELLDEILVQEILDLNKTTPSEMPSTASTLSTPLHAGIDENYQAGGSENYHELLENLQFSPGIEVKISNDEANANANLHGDPSENYRGPQVSPGSEKSVSSKEKNSKNTQYENLSILDQILQNIGRSSGNIFHKEQQRTSAQRRSQGSQ,Q96KW9
41,"SGT1_HUMAN,SUGT1_HUMAN",Q9Y2Z0,SGT1_HUMAN,reviewed,Protein SGT1 homolog (Protein 40-6-3) (Sgt1) (Suppressor of G2 allele of SKP1 homolog),10910;,SUGT1,365,MAAAAAGTATSQRFFQSFSDALIDEDPQAALEELTKALEQKPDDAQYYCQRAYCHILLGNYCVAVADAKKSLELNPNNSTAMLRKGICEYHEKNYAAALETFTEGQKLDIETGFHRVGQAGLQLLTSSDPPALDSQSAGITGADANFSVWIKRCQEAQNGSESEVWTHQSKIKYDWYQTESQVVITLMIKNVQKNDVNVEFSEKELSALVKLPSGEDYNLKLELLHPIIPEQSTFKVLSTKIEIKLKKPEAVRWEKLEGQGDVPTPKQFVADVKNLYPSSSPYTRNWDKLVGEIKEEEKNEKLEGDAALNRLFQQIYSDGSDEVKRAMNKSFMESGGTVLSTNWSDVGKRKVEINPPDDMEWKKY,Q9Y2Z0
42,"NYAP1_HUMAN,CG051_HUMAN",Q6ZVC0,NYAP1_HUMAN,reviewed,Neuronal tyrosine-phosphorylated phosphoinositide-3-kinase adapter 1,222950;,NYAP1 C7orf51,841,MNLLYRKTKLEWRQHKEEEAKRSSSKEVAPAGSAGPAAGQGPGVRVRDIASLRRSLRMGFMTMPASQEHTPHPCRSAMAPRSLSCHSVGSMDSVGGGPGGASGGLTEDSSTRRPPAKPRRHPSTKLSMVGPGSGAETPPSKKAGSQKPTPEGRESSRKVPPQKPRRSPNTQLSVSFDESCPPGPSPRGGNLPLQRLTRGSRVAGDPDVGAQEEPVYIEMVGDVFRGGGRSGGGLAGPPLGGGGPTPPAGADSDSEESEAIYEEMKYPLPEEAGEGRANGPPPLTATSPPQQPHALPPHAHRRPASALPSRRDGTPTKTTPCEIPPPFPNLLQHRPPLLAFPQAKSASRTPGDGVSRLPVLCHSKEPAGSTPAPQVPARERETPPPPPPPPAANLLLLGPSGRARSHSTPLPPQGSGQPRGERELPNSHSMICPKAAGAPAAPPAPAALLPGPPKDKAVSYTMVYSAVKVTTHSVLPAGPPLGAGEPKTEKEISVLHGMLCTSSRPPVPGKTSPHGGAMGAAAGVLHHRGCLASPHSLPDPTVGPLTPLWTYPATAAGLKRPPAYESLKAGGVLNKGCGVGAPSPMVKIQLQEQGTDGGAFASISCAHVIASAGTPEEEEEEVGAATFGAGWALQRKVLYGGRKAKELDKVEDGARAWNGSAEGPGKVEREDRGPGTSGIPVRSQGAEGLLARIHHGDRGGSRTALPIPCQTFPACHRNGDFTGGYRLGRSASTSGVRQVVLHTPRPCSQPRDALSQPHPALPLPLPLPPQPARERDGKLLEVIERKRCVCKEIKARHRPDRGLCKQESMPILPSWRRGPEPRKSGTPPCRRQHTVLWDTAI,Q6ZVC0
43,"DRB3_HUMAN,2B32_HUMAN",P79483,DRB3_HUMAN,reviewed,"HLA class II histocompatibility antigen, DR beta 3 chain (MHC class II antigen DRB3)",3125;,HLA-DRB3,266,MVCLKLPGGSSLAALTVTLMVLSSRLAFAGDTRPRFLELRKSECHFFNGTERVRYLDRYFHNQEEFLRFDSDVGEYRAVTELGRPVAESWNSQKDLLEQKRGRVDNYCRHNYGVGESFTVQRRVHPQVTVYPAKTQPLQHHNLLVCSVSGFYPGSIEVRWFRNGQEEKAGVVSTGLIQNGDWTFQTLVMLETVPRSGEVYTCQVEHPSVTSALTVEWRARSESAQSKMLSGVGGFVLGLLFLGAGLFIYFRNQKGHSGLQPTGFLS,P79483
44,"DYST_HUMAN,BPAEB_HUMAN",Q03001,DYST_HUMAN,reviewed,Dystonin (230 kDa bullous pemphigoid antigen) (230/240 kDa bullous pemphigoid antigen) (Bullous pemphigoid antigen 1) (BPA) (Bullous pemphigoid antigen) (Dystonia musculorum protein) (Hemidesmosomal plaque protein),667;,DST BP230 BP240 BPAG1 DMH DT KIAA0728,7570,MAGYLSPAAYLYVEEQEYLQAYEDVLERYKDERDKVQKKTFTKWINQHLMKVRKHVNDLYEDLRDGHNLISLLEVLSGDTLPREKGRMRFHRLQNVQIALDYLKRRQVKLVNIRNDDITDGNPKLTLGLIWTIILHFQISDIHVTGESEDMSAKERLLLWTQQATEGYAGIRCENFTTCWRDGKLFNAIIHKYRPDLIDMNTVAVQSNLANLEHAFYVAEKIGVIRLLDPEDVDVSSPDEKSVITYVSSLYDAFPKVPEGGEGIGANDVEVKWIEYQNMVNYLIQWIRHHVTTMSERTFPNNPVELKALYNQYLQFKETEIPPKETEKSKIKRLYKLLEIWIEFGRIKLLQGYHPNDIEKEWGKLIIAMLEREKALRPEVERLEMLQQIANRVQRDSVICEDKLILAGNALQSDSKRLESGVQFQNEAEIAGYILECENLLRQHVIDVQILIDGKYYQADQLVQRVAKLRDEIMALRNECSSVYSKGRILTTEQTKLMISGITQSLNSGFAQTLHPSLTSGLTQSLTPSLTSSSMTSGLSSGMTSRLTPSVTPAYTPGFPSGLVPNFSSGVEPNSLQTLKLMQIRKPLLKSSLLDQNLTEEEINMKFVQDLLNWVDEMQVQLDRTEWGSDLPSVESHLENHKNVHRAIEEFESSLKEAKISEIQMTAPLKLTYAEKLHRLESQYAKLLNTSRNQERHLDTLHNFVSRATNELIWLNEKEEEEVAYDWSERNTNIARKKDYHAELMRELDQKEENIKSVQEIAEQLLLENHPARLTIEAYRAAMQTQWSWILQLCQCVEQHIKENTAYFEFFNDAKEATDYLRNLKDAIQRKYSCDRSSSIHKLEDLVQESMEEKEELLQYKSTIANLMGKAKTIIQLKPRNSDCPLKTSIPIKAICDYRQIEITIYKDDECVLANNSHRAKWKVISPTGNEAMVPSVCFTVPPPNKEAVDLANRIEQQYQNVLTLWHESHINMKSVVSWHYLINEIDRIRASNVASIKTMLPGEHQQVLSNLQSRFEDFLEDSQESQVFSGSDITQLEKEVNVCKQYYQELLKSAEREEQEESVYNLYISEVRNIRLRLENCEDRLIRQIRTPLERDDLHESVFRITEQEKLKKELERLKDDLGTITNKCEEFFSQAAASSSVPTLRSELNVVLQNMNQVYSMSSTYIDKLKTVNLVLKNTQAAEALVKLYETKLCEEEAVIADKNNIENLISTLKQWRSEVDEKRQVFHALEDELQKAKAISDEMFKTYKERDLDFDWHKEKADQLVERWQNVHVQIDNRLRDLEGIGKSLKYYRDTYHPLDDWIQQVETTQRKIQENQPENSKTLATQLNQQKMLVSEIEMKQSKMDECQKYAEQYSATVKDYELQTMTYRAMVDSQQKSPVKRRRMQSSADLIIQEFMDLRTRYTALVTLMTQYIKFAGDSLKRLEEEEKSLEEEKKEHVEKAKELQKWVSNISKTLKDAEKAGKPPFSKQKISSEEISTKKEQLSEALQTIQLFLAKHGDKMTDEERNELEKQVKTLQESYNLLFSESLKQLQESQTSGDVKVEEKLDKVIAGTIDQTTGEVLSVFQAVLRGLIDYDTGIRLLETQLMISGLISPELRKCFDLKDAKSHGLIDEQILCQLKELSKAKEIISAASPTTIPVLDALAQSMITESMAIKVLEILLSTGSLVIPATGEQLTLQKAFQQNLVSSALFSKVLERQNMCKDLIDPCTSEKVSLIDMVQRSTLQENTGMWLLPVRPQEGGRITLKCGRNISILRAAHEGLIDRETMFRLLSAQLLSGGLINSNSGQRMTVEEAVREGVIDRDTASSILTYQVQTGGIIQSNPAKRLTVDEAVQCDLITSSSALLVLEAQRGYVGLIWPHSGEIFPTSSSLQQELITNELAYKILNGRQKIAALYIPESSQVIGLDAAKQLGIIDNNTASILKNITLPDKMPDLGDLEACKNARRWLSFCKFQPSTVHDYRQEEDVFDGEEPVTTQTSEETKKLFLSYLMINSYMDANTGQRLLLYDGDLDEAVGMLLEGCHAEFDGNTAIKECLDVLSSSGVFLNNASGREKDECTATPSSFNKCHCGEPEHEETPENRKCAIDEEFNEMRNTVINSEFSQSGKLASTISIDPKVNSSPSVCVPSLISYLTQTELADISMLRSDSENILTNYENQSRVETNERANECSHSKNIQNFPSDLIENPIMKSKMSKFCGVNETENEDNTNRDSPIFDYSPRLSALLSHDKLMHSQGSFNDTHTPESNGNKCEAPALSFSDKTMLSGQRIGEKFQDQFLGIAAINISLPGEQYGQKSLNMISSNPQVQYHNDKYISNTSGEDEKTHPGFQQMPEDKEDESEIEEYSCAVTPGGDTDNAIVSLTCATPLLDETISASDYETSLLNDQQNNTGTDTDSDDDFYDTPLFEDDDHDSLLLDGDDRDCLHPEDYDTLQEENDETASPADVFYDVSKENENSMVPQGAPVGSLSVKNKAHCLQDFLMDVEKDELDSGEKIHLNPVGSDKVNGQSLETGSERECTNILEGDESDSLTDYDIVGGKESFTASLKFDDSGSWRGRKEEYVTGQEFHSDTDHLDSMQSEESYGDYIYDSNDQDDDDDDGIDEEGGGIRDENGKPRCQNVAEDMDIQLCASILNENSDENENINTMILLDKMHSCSSLEKQQRVNVVQLASPSENNLVTEKSNLPEYTTEIAGKSKENLLNHEMVLKDVLPPIIKDTESEKTFGPASISHDNNNISSTSELGTDLANTKVKLIQGSELPELTDSVKGKDEYFKNMTPKVDSSLDHIICTEPDLIGKPAEESHLSLIASVTDKDPQGNGSDLIKGRDGKSDILIEDETSIQKMYLGEGEVLVEGLVEEENRHLKLLPGKNTRDSFKLINSQFPFPQITNNEELNQKGSLKKATVTLKDEPNNLQIIVSKSPVQFENLEEIFDTSVSKEISDDITSDITSWEGNTHFEESFTDGPEKELDLFTYLKHCAKNIKAKDVAKPNEDVPSHVLITAPPMKEHLQLGVNNTKEKSTSTQKDSPLNDMIQSNDLCSKESISGGGTEISQFTPESIEATLSILSRKHVEDVGKNDFLQSERCANGLGNDNSSNTLNTDYSFLEINNKKERIEQQLPKEQALSPRSQEKEVQIPELSQVFVEDVKDILKSRLKEGHMNPQEVEEPSACADTKILIQNLIKRITTSQLVNEASTVPSDSQMSDSSGVSPMTNSSELKPESRDDPFCIGNLKSELLLNILKQDQHSQKITGVFELMRELTHMEYDLEKRGITSKVLPLQLENIFYKLLADGYSEKIEHVGDFNQKACSTSEMMEEKPHILGDIKSKEGNYYSPNLETVKEIGLESSTVWASTLPRDEKLKDLCNDFPSHLECTSGSKEMASGDSSTEQFSSELQQCLQHTEKMHEYLTLLQDMKPPLDNQESLDNNLEALKNQLRQLETFELGLAPIAVILRKDMKLAEEFLKSLPSDFPRGHVEELSISHQSLKTAFSSLSNVSSERTKQIMLAIDSEMSKLAVSHEEFLHKLKSFSDWVSEKSKSVKDIEIVNVQDSEYVKKRLEFLKNVLKDLGHTKMQLETTAFDVQFFISEYAQDLSPNQSKQLLRLLNTTQKCFLDVQESVTTQVERLETQLHLEQDLDDQKIVAERQQEYKEKLQGICDLLTQTENRLIGHQEAFMIGDGTVELKKYQSKQEELQKDMQGSAQALAEVVKNTENFLKENGEKLSQEDKALIEQKLNEAKIKCEQLNLKAEQSKKELDKVVTTAIKEETEKVAAVKQLEESKTKIENLLDWLSNVDKDSERAGTKHKQVIEQNGTHFQEGDGKSAIGEEDEVNGNLLETDVDGQVGTTQENLNQQYQKVKAQHEKIISQHQAVIIATQSAQVLLEKQGQYLSPEEKEKLQKNMKELKVHYETALAESEKKMKLTHSLQEELEKFDADYTEFEHWLQQSEQELENLEAGADDINGLMTKLKRQKSFSEDVISHKGDLRYITISGNRVLEAAKSCSKRDGGKVDTSATHREVQRKLDHATDRFRSLYSKCNVLGNNLKDLVDKYQHYEDASCGLLAGLQACEATASKHLSEPIAVDPKNLQRQLEETKALQGQISSQQVAVEKLKKTAEVLLDARGSLLPAKNDIQKTLDDIVGRYEDLSKSVNERNEKLQITLTRSLSVQDGLDEMLDWMGNVESSLKEQGQVPLNSTALQDIISKNIMLEQDIAGRQSSINAMNEKVKKFMETTDPSTASSLQAKMKDLSARFSEASHKHKETLAKMEELKTKVELFENLSEKLQTFLETKTQALTEVDVPGKDVTELSQYMQESTSEFLEHKKHLEVLHSLLKEISSHGLPSDKALVLEKTNNLSKKFKEMEDTIKEKKEAVTSCQEQLDAFQVLVKSLKSWIKETTKKVPIVQPSFGAEDLGKSLEDTKKLQEKWSLKTPEIQKVNNSGISLCNLISAVTTPAKAIAAVKSGGAVLNGEGTATNTEEFWANKGLTSIKKDMTDISHGYEDLGLLLKDKIAELNTKLSKLQKAQEESSAMMQWLQKMNKTATKWQQTPAPTDTEAVKTQVEQNKSFEAELKQNVNKVQELKDKLTELLEENPDTPEAPRWKQMLTEIDSKWQELNQLTIDRQQKLEESSNNLTQFQTVEAQLKQWLVEKELMVSVLGPLSIDPNMLNTQRQQVQILLQEFATRKPQYEQLTAAGQGILSRPGEDPSLRGIVKEQLAAVTQKWDSLTGQLSDRCDWIDQAIVKSTQYQSLLRSLSDKLSDLDNKLSSSLAVSTHPDAMNQQLETAQKMKQEIQQEKKQIKVAQALCEDLSALVKEEYLKAELSRQLEGILKSFKDVEQKAENHVQHLQSACASSHQFQQMSRDFQAWLDTKKEEQNKSHPISAKLDVLESLIKDHKDFSKTLTAQSHMYEKTIAEGENLLLKTQGSEKAALQLQLNTIKTNWDTFNKQVKERENKLKESLEKALKYKEQVETLWPWIDKCQNNLEEIKFCLDPAEGENSIAKLKSLQKEMDQHFGMVELLNNTANSLLSVCEIDKEVVTDENKSLIQKVDMVTEQLHSKKFCLENMTQKFKEFQEVSKESKRQLQCAKEQLDIHDSLGSQAYSNKYLTMLQTQQKSLQALKHQVDLAKRLAQDLVVEASDSKGTSDVLLQVETIAQEHSTLSQQVDEKCSFLETKLQGIGHFQNTIREMFSQFAEFDDELDSMAPVGRDAETLQKQKETIKAFLKKLEALMASNDNANKTCKMMLATEETSPDLVGIKRDLEALSKQCNKLLDRAQAREEQVEGTIKRLEEFYSKLKEFSILLQKAEEHEESQGPVGMETETINQQLNMFKVFQKEEIEPLQGKQQDVNWLGQGLIQSAAKSTSTQGLEHDLDDVNARWKTLNKKVAQRAAQLQEALLHCGRFQDALESLLSWMVDTEELVANQKPPSAEFKVVKAQIQEQKLLQRLLDDRKSTVEVIKREGEKIATTAEPADKVKILKQLSLLDSRWEALLNKAETRNRQLEGISVVAQQFHETLEPLNEWLTTIEKRLVNCEPIGTQASKLEEQIAQHKALEDDIINHNKHLHQAVSIGQSLKVLSSREDKDMVQSKLDFSQVWYIEIQEKSHSRSELLQQALCNAKIFGEDEVELMNWLNEVHDKLSKLSVQDYSTEGLWKQQSELRVLQEDILLRKQNVDQALLNGLELLKQTTGDEVLIIQDKLEAIKARYKDITKLSTDVAKTLEQALQLARRLHSTHEELCTWLDKVEVELLSYETQVLKGEEASQAQMRPKELKKEAKNNKALLDSLNEVSSALLELVPWRAREGLEKMVAEDNERYRLVSDTITQKVEEIDAAILRSQQFDQAADAELSWITETEKKLMSLGDIRLEQDQTSAQLQVQKTFTMEILRHKDIIDDLVKSGHKIMTACSEEEKQSMKKKLDKVLKNYDTICQINSERYLQLERAQSLVNQFWETYEELWPWLTETQSIISQLPAPALEYETLRQQQEEHRQLRELIAEHKPHIDKMNKTGPQLLELSPGEGFSIQEKYVAADTLYSQIKEDVKKRAVALDEAISQSTQFHDKIDQILESLERIVERLRQPPSISAEVEKIKEQISENKNVSVDMEKLQPLYETLKQRGEEMIARSGGTDKDISAKAVQDKLDQMVFIWENIHTLVEEREAKLLDVMELAEKFWCDHMSLIVTIKDTQDFIRDLEDPGIDPSVVKQQQEAAETIREEIDGLQEELDIVINLGSELIAACGEPDKPIVKKSIDELNSAWDSLNKAWKDRIDKLEEAMQAAVQYQDGLQAVFDWVDIAGGKLASMSPIGTDLETVKQQIEELKQFKSEAYQQQIEMERLNHQAELLLKKVTEESDKHTVQDPLMELKLIWDSLEERIINRQHKLEGALLALGQFQHALDELLAWLTHTEGLLSEQKPVGGDPKAIEIELAKHHVLQNDVLAHQSTVEAVNKAGNDLIESSAGEEASNLQNKLEVLNQRWQNVLEKTEQRKQQLDGALRQAKGFHGEIEDLQQWLTDTERHLLASKPLGGLPETAKEQLNVHMEVCAAFEAKEETYKSLMQKGQQMLARCPKSAETNIDQDINNLKEKWESVETKLNERKTKLEEALNLAMEFHNSLQDFINWLTQAEQTLNVASRPSLILDTVLFQIDEHKVFANEVNSHREQIIELDKTGTHLKYFSQKQDVVLIKNLLISVQSRWEKVVQRLVERGRSLDDARKRAKQFHEAWSKLMEWLEESEKSLDSELEIANDPDKIKTQLAQHKEFQKSLGAKHSVYDTTNRTGRSLKEKTSLADDNLKLDDMLSELRDKWDTICGKSVERQNKLEEALLFSGQFTDALQALIDWLYRVEPQLAEDQPVHGDIDLVMNLIDNHKAFQKELGKRTSSVQALKRSARELIEGSRDDSSWVKVQMQELSTRWETVCALSISKQTRLEAALRQAEEFHSVVHALLEWLAEAEQTLRFHGVLPDDEDALRTLIDQHKEFMKKLEEKRAELNKATTMGDTVLAICHPDSITTIKHWITIIRARFEEVLAWAKQHQQRLASALAGLIAKQELLEALLAWLQWAETTLTDKDKEVIPQEIEEVKALIAEHQTFMEEMTRKQPDVDKVTKTYKRRAADPSSLQSHIPVLDKGRAGRKRFPASSLYPSGSQTQIETKNPRVNLLVSKWQQVWLLALERRRKLNDALDRLEELREFANFDFDIWRKKYMRWMNHKKSRVMDFFRRIDKDQDGKITRQEFIDGILSSKFPTSRLEMSAVADIFDRDGDGYIDYYEFVAALHPNKDAYKPITDADKIEDEVTRQVAKCKCAKRFQVEQIGDNKYRFFLGNQFGDSQQLRLVRILRSTVMVRVGGGWMALDEFLVKNDPCRVHHHGSKMLRSESNSSITTTQPTIAKGRTNMELREKFILADGASQGMAAFRPRGRRSRPSSRGASPNRSTSVSSQAAQAASPQVPATTTPKGTPIQGSKLRLPGYLSGKGFHSGEDSGLITTAAARVRTQFADSKKTPSRPGSRAGSKAGSRASSRRGSDASDFDISEIQSVCSDVETVPQTHRPTPRAGSRPSTAKPSKIPTPQRKSPASKLDKSSKR,Q03001
45,"TTMA_HUMAN,T200C_HUMAN",A6NKL6,T200C_HUMAN,reviewed,Transmembrane protein 200C (Transmembrane protein TTMA) (Two transmembrane domain-containing family member A),645369;,TMEM200C TTMA,621,MIATGGLLRISARKQDPLRPPSQIPKRKRKAKKRRKNDVVVVKGKLKLCSISGLIALCGILVLLVGIAMAVVGYWPKATGTNREGGKQLPPAGSSHRVPTTANSSSSGSKNRSRSHPRAPGGVNSSSAGAPRSTPPARAASPSSSSTSVGFFFRIFSGYLHSDKLKVFGPLIMGIGIFLFICANAVLHENRDKKTKIINLRDLYSTVIDVHSLRAKDLAAAAAAAAAAAASSSSSAPAAAPPGAIPLNGFLSYVQSRGLELKPGGCGGSGDAFGAAAMLAKGSWPPHPAAPSGGRPRGAASPPDLASSPRCPREPPSLAEAVYSVYRERSGVAGSRRAAAATAAAAASSCSSPAPCSPPESWGRQSTASSFVDSSLSAFALLPLQGGRDRGGDAEGASCSWQRPPGERGSQEIPRGELDLSMTNLRGAEGSMRGARREPEEPEGAVAARAARGQGGRLPRTGRYAALRRRSTSGLPDYRAPPSPEPPPSPGSADPDSSPLAKAASPSPPLRLEGSPPTRRDSGSSQSDDPSSSNKGYTPLREAGTSTESVLDAVAGQTRDSAVAAPVLGAEQSSPEGASQEPPTAEQPQPVQRQFTNKEKLIMISRSHAIGVEEELESTGI,A6NKL6
46,"CM039_HUMAN,MT21C_HUMAN",Q5VZV1,MT21C_HUMAN,reviewed,Protein-lysine methyltransferase METTL21C (EC 2.1.1.-) (Methyltransferase-like protein 21C),196541;,METTL21C C13orf39,264,MDVCLSSAQQPGRRGEGLSSPGGWLEAEKKGAPQKDSTGGVLEESNKIEPSLHSLQKFVPTDYASYTQEHYRFAGKEIVIQESIESYGAVVWPGAMALCQYLEEHAEELNFQDAKILEIGAGPGLVSIVASILGAQVTATDLPDVLGNLQYNLLKNTLQCTAHLPEVKELVWGEDLDKNFPKSAFYYDYVLASDVVYHHYFLDKLLTTMVYLSQPGTVLLWANKFRFSTDYEFLDKFKQVFDTTLLAEYPESSVKLFKGILKWD,Q5VZV1
47,"TM231_HUMAN,U513_HUMAN",Q9H6L2,TM231_HUMAN,reviewed,Transmembrane protein 231,79583;,TMEM231 UNQ870/PRO1886,316,MALYELFSHPVERSYRAGLCSKAALFLLLAAALTYIPPLLVAFRSHGFWLKRSSYEEQPTVRFQHQVLLVALLGPESDGFLAWSTFPAFNRLQGDRLRVPLVSTREEDRNQDGKTDMLHFKLELPLQSTEHVLGVQLILTFSYRLHRMATLVMQSMAFLQSSFPVPGSQLYVNGDLRLQQKQPLSCGGLDARYNISVINGTSPFAYDYDLTHIVAAYQERNVTTVLNDPNPIWLVGRAADAPFVINAIIRYPVEVISYQPGFWEMVKFAWVQYVSILLIFLWVFERIKIFVFQNQVVTTIPVTVTPRGDLCKEHLS,Q9H6L2
48,"PME17_HUMAN,PMEL_HUMAN",P40967,PMEL_HUMAN,reviewed,Melanocyte protein PMEL (ME20-M) (ME20M) (Melanocyte protein Pmel 17) (Melanocytes lineage-specific antigen GP100) (Melanoma-associated ME20 antigen) (P1) (P100) (Premelanosome protein) (Silver locus protein homolog) [Cleaved into: M-alpha (95 kDa melanocyte-specific secreted glycoprotein) (P26) (Secreted melanoma-associated ME20 antigen) (ME20-S) (ME20S); M-beta],6490;,PMEL D12S53E PMEL17 SILV,661,MDLVLKRCLLHLAVIGALLAVGATKVPRNQDWLGVSRQLRTKAWNRQLYPEWTEAQRLDCWRGGQVSLKVSNDGPTLIGANASFSIALNFPGSQKVLPDGQVIWVNNTIINGSQVWGGQPVYPQETDDACIFPDGGPCPSGSWSQKRSFVYVWKTWGQYWQVLGGPVSGLSIGTGRAMLGTHTMEVTVYHRRGSRSYVPLAHSSSAFTITDQVPFSVSVSQLRALDGGNKHFLRNQPLTFALQLHDPSGYLAEADLSYTWDFGDSSGTLISRALVVTHTYLEPGPVTAQVVLQAAIPLTSCGSSPVPGTTDGHRPTAEAPNTTAGQVPTTEVVGTTPGQAPTAEPSGTTSVQVPTTEVISTAPVQMPTAESTGMTPEKVPVSEVMGTTLAEMSTPEATGMTPAEVSIVVLSGTTAAQVTTTEWVETTARELPIPEPEGPDASSIMSTESITGSLGPLLDGTATLRLVKRQVPLDCVLYRYGSFSVTLDIVQGIESAEILQAVPSGEGDAFELTVSCQGGLPKEACMEISSPGCQPPAQRLCQPVLPSPACQLVLHQILKGGSGTYCLNVSLADTNSLAVVSTQLIMPGQEAGLGQVPLIVGILLVLMAVVLASLIYRRRLMKQDFSVPQLPHSSSHWLRLPRIFCSCPIGENSPLLSGQQV,P40967
49,"F164A_HUMAN,ZC21A_HUMAN",Q96GY0,ZC21A_HUMAN,reviewed,Zinc finger C2HC domain-containing protein 1A,51101;,ZC2HC1A C8orf70 FAM164A CGI-62,325,MEGLEENGGVVQVGELLPCKICGRTFFPVALKKHGPICQKTATKKRKTFDSSRQRAEGTDIPTVKPLKPRPEPPKKPSNWRRKHEEFIATIRAAKGLDQALKEGGKLPPPPPPSYDPDYIQCPYCQRRFNENAADRHINFCKEQAARISNKGKFSTDTKGKPTSRTQVYKPPALKKSNSPGTASSGSSRLPQPSGAGKTVVGVPSGKVSSSSSSLGNKLQTLSPSHKGIAAPHAGANVKPRNSTPPSLARNPAPGVLTNKRKTYTESYIARPDGDCASSLNGGNIKGIEGHSPGNLPKFCHECGTKYPVEWAKFCCECGIRRMIL,Q96GY0
50,"CJ068_HUMAN,CCDC7_HUMAN",Q96M83,CCDC7_HUMAN,reviewed,Coiled-coil domain-containing protein 7 (Protein BIOT2),79741;,CCDC7 BIOT2 C10orf68,1385,MKPVKHLLTTSNKSANVPALTTKKGLHNLPLSPELKEKHNAKLIHDKIEPMVLRSPPTGESILRYALPIPSSKTKNLLPEDEMIGKIIKHLKMVVSTLEETYGHCDQNGEEPFVKHEHEELSLSVGDDMNSFLTYCSQFAAQLEEALKEEQNILESLFKWFQWQVNQMEEISKDQTLLQAEPPKPDKTVILNIAEIVRLVQRFEELKNRLKQRSKSSVKVMLSKTMDKENRPEAVKSCEALAQKIEEFLEAHSTDEFKDVSATEPQTAHSMTNRFNAMLKVFENQANMLERAVNDQVLLDAEYKQMQCDFQLLSEEKLVLENELQKLKDKEKTKPTNNRTKKAVKTVKKKDKGKSEDSEKKMSPEKEFKIKEDLDQVQKVARLEIENKVLQEQLKQALQEAEKAKHQLNYFLNQEKLLKSEGKTETTMQVGNSQTKVKGEDSKNIPLEKETRKSLVSDSGGQRTSDKIQEYPQITAQSGRLIEKSSEKKRSSPAISDLSQILKSQDESAFLESSNEVSVAENQSYKSPSETHDKSLTTVSSSKEVQDSLSVGTLAQKNETVISPFILPPVLTESKKADVSEEQLQKMTEEQTYQAAEKSQADSEVPDENLMVENKDSVTKVQIEQMKQRTSSMERHEETLTTPQLPEDMVLVSRIQSETKNLKATRNESFHSHNDVPEENLMLEQDTKSKTEVEVKKQKSFQDNQLSTHNEVPNERLVVEHQESLSKTKLQIKKQETSTEQPLTTPDKEPNENLILRHQDSMSKSEMQVKEQRTLKGQRIITHDEEPGKNLVLEHQDSVSKLEMQIEKTKKLPREKRHSTHDEESGENPMLKHQDSVSKIQVQLEIQETSEGEGRSIPDKNSMFVHQDSVSKLQMQEKKKITPGRERRNTRIVVPNENVISVHQDSKSKLQMQEKKQINSGVERHKTFPLEIKKKDISLEHLLPEEKVLLSRSESQTKKLQAKVTSRKIKNEAASELPDTAENLPAMYPSISDLIIQFDLNKVVETDIESLRGALGRRLLNDEFKTQSKSFPGPDIEQLTDAFGRDILKDEFKTRSKSLPETDERLHSTTERGTINDAIKTQLKRKSYPETVLKHLKGVNGKDIIKHLINIQSKSHGETDKEHLADDTGRGIIKGSINAQLKGHQKTDKNFFAYATGRGLMKESTTTQLKSHPETDKEFLADAIGRGIIIGPITTQLKSHRETDKELLKDAIGRDIIKGPISAQLKSHQETDVEPLTNAIGSSKTIGEIKTQLRTHYDVNLFKNKDMSVQRQEGIFTRSITPSKFPTKVINLSPFENKEETYEYSSPYVTAPSKAIYRTYRAGPSFSKDIHLPLLNQLPSGHSKVVTLSQKTIEFTLPTVTNTVGKPTYKVLHAAARKSVPHPYF,Q96M83
51,"C1T9L_HUMAN,C1T9B_HUMAN",B2RNN3,C1T9B_HUMAN,reviewed,Complement C1q and tumor necrosis factor-related protein 9B (C1q/TNF-related protein 9B) (CTRP9B) (Complement C1q and tumor necrosis factor-related protein 9-like),387911;,C1QTNF9B,333,MRIWWLLLAIEICTGNINSQDTCRQGHPGIPGNPGHNGLPGRDGRDGAKGDKGDAGEPGCPGSPGKDGTSGEKGERGADGKVEAKGIKGDQGSRGSPGKHGPKGLAGPMGEKGLRGETGPQGQKGNKGDVGPTGPEGPRGNIGPLGPTGLPGPMGPIGKPGPKGEAGPTGPQGEPGVRGIRGWKGDRGEKGKIGETLVLPKSAFTVGLTVLSKFPSSDVPIKFDKILYNEFNHYDTAVGKFTCHIAGVYYFTYHITVFSRNVQVSLVKNGVKILHTRDAYVSSEDQASGSIVLQLKLGDEMWLQVTGGERFNGLFADEDDDTTFTGFLLFSSQ,B2RNN3
52,"PDZD6_HUMAN,INTU_HUMAN",Q9ULD6,INTU_HUMAN,reviewed,Protein inturned (Inturned planar cell polarity effector homolog) (PDZ domain-containing protein 6),27152;,INTU KIAA1284 PDZD6 PDZK6,942,MASVASCDSRPSSDELPGDPSSQEEDEDYDFEDRVSDSGSYSSASSDYDDLEPEWLDSVQKNGELFYLELSEDEEESLLPETPTVNHVRFSENEIIIEDDYKERKKYEPKLKQFTKILRRKRLLPKRCNKKNSNDNGPVSILKHQSNQKTGVIVQQRYKDVNVYVNPKKLTVIKAKEQLKLLEVLVGIIHQTKWSWRRTGKQGDGERLVVHGLLPGGSAMKSGQVLIGDVLVAVNDVDVTTENIERVLSCIPGPMQVKLTFENAYDVKRETSHPRQKKTQSNTSDLVKLLWGEEVEGIQQSGLNTPHIIMYLTLQLDSETSKEEQEILYHYPMSEASQKLKSVRGIFLTLCDMLENVTGTQVTSSSLLLNGKQIHVAYWKESDKLLLIGLPAEEVPLPRLRNMIENVIQTLKFMYGSLDSAFCQIENVPRLDHFFNLFFQRALQPAKLHSSASPSAQQYDASSAVLLDNLPGVRWLTLPLEIKMELDMALSDLEAADFAELSEDYYDMRRLYTILGSSLFYKGYLICSHLPKDDLIDIAVYCRHYCLLPLAAKQRIGQLIIWREVFPQHHLRPLADSSTEVFPEPEGRYFLLVVGLKHYMLCVLLEAGGCASKAIGSPGPDCVYVDQVKTTLHQLDGVDSRIDERLASSPVPCLSCADWFLTGSREKTDSLTTSPILSRLQGTSKVATSPTCRRTLFGDYSLKTRKPSPSCSSGGSDNGCEGGEDDGFSPHTTPDAVRKQRESQGSDGLEESGTLLKVTKKKSTLPNPFHLGNLKKDLPEKELEIYNTVKLTSGPENTLFHYVALETVQGIFITPTLEEVAQLSGSIHPQLIKNFHQCCLSIRAVFQQTLVEEKKKGLNSGDHSDSAKSVSSLNPVKEHGVLFECSPGNWTDQKKAPPVMAYWVVGRLFLHPKPQELYVCFHDSVTEIAIEIAFKLFFGLTL,Q9ULD6
53,"ZSC30_HUMAN,Z397O_HUMAN",Q86W11,ZSC30_HUMAN,reviewed,Zinc finger and SCAN domain-containing protein 30 (ZNF-WYM) (Zinc finger protein 397 opposite strand) (Zinc finger protein 397OS),100101467;,ZSCAN30 ZNF397OS,494,MSGEATVLAYHAPEEQEGLLVVKVEEENYVLDQDFGLQENPWSQEVFRQKFRQFSYSDSTGPREALSRLRELCCQWLRPEVHSKEQILELLMLEQFLAILPEELQAWLREHRPENGEEAVTMLEELEKELEEPRQQDTTHGQEMFWQEMTSTGALKSLSLNSPVQPLENQCKTETQESQAFQERDGRMVAGKVLMAKQEIVECVASAAMISPGKLPGETHSQRIAEEALGGLDNSKKQKGNAAGNKISQLPSQDRHFSLATFNRRIPTEHSVLESHESEGSFSMNSNDITQQSVDTREKLYECFDCGKAFCQSSKLIRHQRIHTGERPYACKECGKAFSLSSDLVRHQRIHSGEKPYECCECGKAFRGSSELIRHRRIHTGEKPYECGECGKAFSRSSALIQHKKIHTGDKSYECIACGKAFGRSSILIEHQRIHTGEKPYECNECGKSFNQSSALTQHQRIHTGEKPYECSECRKTFRHRSGLMQHQRTHTRV,Q86W11
54,"KR41X_HUMAN,KRA47_HUMAN",Q9BYR0,KRA47_HUMAN,reviewed,Keratin-associated protein 4-7 (Keratin-associated protein 4.7) (Ultrahigh sulfur keratin-associated protein 4.7),,KRTAP4-7 KAP4.7 KRTAP4.7,210,MVSSCCGSVCSDQGCSQDLCQETCCRPSCCQTTCCRTTCYRPSCCVSSCCRPQCCQSVCCQPTCCRPTCCETTCCHPRCCISSCCRPSCCMSSCCKPQCCQSVCCQPTCCHPSCCISSCCRPSCCVSRCCRPQCCQSVCCQPTCCRPSCCISSCCRPSCCESSCCRPSCCRPCCCLRPVCGRVSCHTTCYRPTCVISTCPRPLCCASSCC,Q9BYR0
55,"PSL1_HUMAN,SPP2B_HUMAN",Q8TCT7,SPP2B_HUMAN,reviewed,Signal peptide peptidase-like 2B (SPP-like 2B) (SPPL2b) (EC 3.4.23.-) (Intramembrane protease 4) (IMP-4) (Presenilin homologous protein 4) (PSH4) (Presenilin-like protein 1),56928;,SPPL2B IMP4 KIAA1532 PSL1,592,MAAAVAAALARLLAAFLLLAAQVACEYGMVHVVSQAGGPEGKDYCILYNPQWAHLPHDLSKASFLQLRNWTASLLCSAADLPARGFSNQIPLVARGNCTFYEKVRLAQGSGARGLLIVSRERLVPPGGNKTQYDEIGIPVALLSYKDMLDIFTRFGRTVRAALYAPKEPVLDYNMVIIFIMAVGTVAIGGYWAGSRDVKKRYMKHKRDDGPEKQEDEAVDVTPVMTCVFVVMCCSMLVLLYYFYDLLVYVVIGIFCLASATGLYSCLAPCVRRLPFGKCRIPNNSLPYFHKRPQARMLLLALFCVAVSVVWGVFRNEDQWAWVLQDALGIAFCLYMLKTIRLPTFKACTLLLLVLFLYDIFFVFITPFLTKSGSSIMVEVATGPSDSATREKLPMVLKVPRLNSSPLALCDRPFSLLGFGDILVPGLLVAYCHRFDIQVQSSRVYFVACTIAYGVGLLVTFVALALMQRGQPALLYLVPCTLVTSCAVALWRRELGVFWTGSGFAKVLPPSPWAPAPADGPQPPKDSATPLSPQPPSEEPATSPWPAEQSPKSRTSEEMGAGAPMREPGSPAESEGRDQAQPSPVTQPGASA,Q8TCT7
56,"TTC40_HUMAN,CJ092_HUMAN",Q8IYW2,CFA46_HUMAN,reviewed,Cilia- and flagella-associated protein 46 (Tetratricopeptide repeat protein 40),54777;,CFAP46 C10orf123 C10orf124 C10orf92 C10orf93 TTC40,2715,MDLVITQELARAESQQDAASLKKAYELIKSANLGKSEFDPSESFSPDLFVLCAEQALKMRQPEVSEDCIQMYFKVKAPITQFLGRAHLCRAQMCAPKSAENLEEFENCVTEYMKAINFAKGEPRYYFLVYNASVLYWQMVRPFLKPGYRHHLIPSLSQIINVLSQTEEEDKEWRAELMLELLECYLQAGRKEEAARFCSTAAPFIKSHVPQKYRQIFSVMVRHELMDELQLKEEKKNSISLSVTFYINMLKAKAEQNDLPGDISVILRKAYRHLGHYNHQRFPSISEEKMLLLFELARFSLTLKCMEISSACLSDLKKMESKDPGKLIEMECLECESEALRLESKMKVYNRAAVEAQLDIIQRLDVALQRAVRLGDPRVIHVVCATQWNTCLPLLQHNLRHHLRKPLAGVADVLEKLDSLMTLLRCQVHMEMAQIEEDEDRLEPATEHLRKAARLDSLGLYRDRIQMASTRLRLCTTLYQAPERAEDKAIMAVEQAKKATPKDSVRKKRALLVNAGLALAPDAFQIVLDSENEAKVSTGKNRGRFTYLCAKAWHHTVSVDKAAGHLRRLGNENDKERIQIWAELAKVARKQGVWDVCRTASRFCLLYDNVKVKKLRLRRGKKKRGRDGSVQDTWSQPEVVLQRQVCPDLLRKFAEVGFIHAEATVHLLRSEGVELNDRAIPPEDLSQHPAGYVPEPPEVNAEWITYRTWIESLSRCAMNNWLRSAEIGQEIQEAWIVQNAVVYVLNHNHHLILAGRQKELVDALYHLLSIVKATGHSGDPVMLVTLCNTLARGLIISWIPVQAAEKSRKFMRPNAFHSPLDAGATSEIKTAVEVCEFALNLTNGSAPEETVPTGTRQQLIATWVKAKQLLQQQIGPRLGTEEQGTNEDVSSVTRVLVALEMYSCNGLGLMDFTVPSLAQLVKMASECNWSDPLVELQTLTRLTHFAHAARDHETTMACAHRALEMGIKYLKKFGPEESRLVAEMLCTATAIQGRSIMENLKGRKQLRLVAAKAFTESARFGGIAGSSALVMLAARHYWNAWLPLLSSAVYRKKAKGALKRLIGIINKTEARKQEKGKTLLLHQWPTADFQGGGTTEGYFLPGAEDDLALRAALYGLLFHSHADQDDWEGGLKVLDEAVQVLPRTAHRLLIFKHMVIVKAKLGQNFSMEIQKFKAESEDYLARMWHRLALNSPSVSGELACYNNAIQALQKPEMEWQKVEYLMEFGQWLHHRHFPLEDVVFHLRWAVEILLAMKPPGDVPEPQPTPDGEYVAVEMPPRSPVSEAEEAVSLEQLRSVRQLEALARVHILLALVLSPGAEGYEDCCLAAYAFFRHIWQVSLMTAGKSVLENRPLAATSSHLLLPKKEKENERSKEKEKERSKEKENERSKEKDKEKGKEEKVKEPKQSQSPAPIKQLEDLPMSIEEWASYSCPEEVLSVLKQDRSDSTVNPSSIQKPTYSLYFLDHLVKALQKMCLHELTVPVLQLGVLISDSVVGSKGLSDLYHLRLAHACSELKLREAAARHEEAVGQVCVSELEQASCRKEIALKKEKNKEPLLEESLPALNEQTLPVQPGEIKPLDAKDKILKMNGETGRDLDGTSFPHLWMLKAEVLLEMNLYQPARLLLSEAYLAFQELDEPCAEAQCLLLLAQLANKEKNYGQAKKMIAQAQHLGGSEEFWYNSTLTLAEALLSMEHSGREATVCHIFQKLINAFKILKKERPNRLPLLEFMITDLEARCLSLRVRVAQHSAVTEPTECSLLLKEMDDGLLEIERKFIDCGCKENCVDVKLERAKIKRLRAQNEKDEEQKTAYYLEAYGLAQGAVAEEEGRLHSIQGLYGLAQGAMAEEEGRLHSVQGLLSLQDLQNVNTPLMRKLARLKLGLVEMALDMLQFIWEEAHGQQSEQGSLEKLLADYLQNTSDYTSVGLQWFTLKRTLAHGALAQLGSLQPLSVGCVEIRARLLGLAGRALHLLAMQADPVHPTCYWEAGPSVGAKLSGLKSLELEVEEEGATKSSRDPPASRAAPEEHCRRGEDLKRRMVLAQQYLAQASEVLLQCLQVALGSGLLDVAAAASLEMVECVGTLDPATTCQFLALSQSCSASETMRDVLLAATANTSSSQLAALLQLQHQLRCQDRTTTSLGARVEQRLAAVSKAWQNLCVTEQHFNLLNEMPPTFWILFLHLSGDRSRLYGAAYEKPKFITAAKGKVQAVGGSCKVMRLAISPTAFSHLLACAQQFRKQTQAQVYSEDMALNIGSEPEGLQVEEKERPVQRLSSVLGPLEELLQPLFPLLSLSKARVQTPAVVADSGKSKGKDKERKTSTGQHSTVQPEVADKIVLVADRHLLELPLEGLSVFDEGTISSVSREFSLQMLWNRLHKEETEGGVKKEGRSRDPKKRSLAKKGRKGSIPRTIPPDCIIVDSDNFKFVVDPYEEAQGPEMLTPVSITQDILERFQDTFTSRWAGHLGSKHFPSQAQWEQALGSCSGFFFYGMESFLSHILVERLVAMNLQECQVAVLLDLARSYQSLKRHMESVEHRRSVGRWEANWRNSASPSEDEWRRGGEPRRGFSDLEGQAAAAPKLRAPSHHAQLGPVWAAAPSHRVVQAWTCLPSAAGAPALASALGSAPLPTHPHLPAPIPSSQLALPFLGLSPALGAASARDPPPATSRKAAAWTSSSACLCAPWGLRRGWSCVSSRGQDKGGLPLAALVLSCLDQKTIQTVSLFLI,Q8IYW2
57,"ATAT_HUMAN,CF134_HUMAN",Q5SQI0,ATAT_HUMAN,reviewed,Alpha-tubulin N-acetyltransferase 1 (Alpha-TAT) (Alpha-TAT1) (TAT) (EC 2.3.1.108) (Acetyltransferase mec-17 homolog),79969;,ATAT1 C6orf134 MEC17 Nbla00487,421,MEFPFDVDALFPERITVLDQHLRPPARRPGTTTPARVDLQQQIMTIIDELGKASAKAQNLSAPITSASRMQSNRHVVYILKDSSARPAGKGAIIGFIKVGYKKLFVLDDREAHNEVEPLCILDFYIHESVQRHGHGRELFQYMLQKERVEPHQLAIDRPSQKLLKFLNKHYNLETTVPQVNNFVIFEGFFAHQHRPPAPSLRATRHSRAAAVDPTPAAPARKLPPKRAEGDIKPYSSSDREFLKVAVEPPWPLNRAPRRATPPAHPPPRSSSLGNSPERGPLRPFVPEQELLRSLRLCPPHPTARLLLAADPGGSPAQRRRTRGTPPGLVAQSCCYSRHGGVNSSSPNTGNQDSKQGEQETKNRSASEEQALSQDGSGEKPMHTAPPQAPAPPAQSWTVGGDILNARFIRNLQERRSTRPW,Q5SQI0
58,"CS028_HUMAN,MFS12_HUMAN",Q6NUT3,MFS12_HUMAN,reviewed,Major facilitator superfamily domain-containing protein 12,126321;,MFSD12 C19orf28,480,MGPGPPAAGAAPSPRPLSLVARLSYAVGHFLNDLCASMWFTYLLLYLHSVRAYSSRGAGLLLLLGQVADGLCTPLVGYEADRAASCCARYGPRKAWHLVGTVCVLLSFPFIFSPCLGCGAATPEWAALLYYGPFIVIFQFGWASTQISHLSLIPELVTNDHEKVELTALRYAFTVVANITVYGAAWLLLHLQGSSRVEPTQDISISDQLGGQDVPVFRNLSLLVVGVGAVFSLLFHLGTRERRRPHAEEPGEHTPLLAPATAQPLLLWKHWLREPAFYQVGILYMTTRLIVNLSQTYMAMYLTYSLHLPKKFIATIPLVMYLSGFLSSFLMKPINKCIGRNMTYFSGLLVILAFAAWVALAEGLGVAVYAAAVLLGAGCATILVTSLAMTADLIGPHTNSGAFVYGSMSFLDKVANGLAVMAIQSLHPCPSELCCRACVSFYHWAMVAVTGGVGVAAALCLCSLLLWPTRLRRWDRDARP,Q6NUT3
59,"1A24_HUMAN,1A01_HUMAN,1A26_HUMAN,1A36_HUMAN,1A68_HUMAN,1A69_HUMAN,1A30_HUMAN,1A31_HUMAN,1A03_HUMAN,1A29_HUMAN,1A02_HUMAN,1A66_HUMAN,1A11_HUMAN,1A23_HUMAN",P04439,HLAA_HUMAN,reviewed,"HLA class I histocompatibility antigen, A alpha chain (Human leukocyte antigen A) (HLA-A)",3105;,HLA-A HLAA,365,MAVMAPRTLLLLLSGALALTQTWAGSHSMRYFFTSVSRPGRGEPRFIAVGYVDDTQFVRFDSDAASQRMEPRAPWIEQEGPEYWDQETRNVKAQSQTDRVDLGTLRGYYNQSEAGSHTIQIMYGCDVGSDGRFLRGYRQDAYDGKDYIALNEDLRSWTAADMAAQITKRKWEAAHEAEQLRAYLDGTCVEWLRRYLENGKETLQRTDPPKTHMTHHPISDHEATLRCWALGFYPAEITLTWQRDGEDQTQDTELVETRPAGDGTFQKWAAVVVPSGEEQRYTCHVQHEGLPKPLTLRWELSSQPTIPIVGIIAGLVLLGAVITGAVVAAVMWRRKSSDRKGGSYTQAASSDSAQGSDVSLTACKV,"P30450,P10316,P16188,P01892,P30447,P01891,P04439,P05534,P30455,P30443,P30512,P18462,P30457,P13746,P30459,P16189"
60,"RHINO_HUMAN,CL032_HUMAN",Q9BSD3,RHNO1_HUMAN,reviewed,"RAD9, HUS1, RAD1-interacting nuclear orphan protein 1 (RAD9, RAD1, HUS1-interacting nuclear orphan protein)",83695;,RHNO1 C12orf32 RHINO HKMT1188,238,MPPRKKRRQPSQKAPLLFHQQPLEGPKHSCASTQLPITHTRQVPSKPIDHSTITSWVSPDFDTAAGSLFPAYQKHQNRARHSSRKPTTSKFPHLTFESPQSSSSETLGIPLIRECPSESEKDVSRRPLVPVLSPQSCGNMSVQALQSLPYVFIPPDIQTPESSSVKEELIPQDQKENSLLSCTLHTGTPNSPEPGPVLVKDTPEDKYGIKVTWRRRQHLLAYLRERGKLSRSQFLVKS,Q9BSD3
61,"LRRC6_HUMAN,TILB_HUMAN",Q86X45,TILB_HUMAN,reviewed,Protein tilB homolog (Leucine-rich repeat-containing protein 6) (Leucine-rich testis-specific protein) (Testis-specific leucine-rich repeat protein),23639;,LRRC6 LRTP TSLRP,466,MGWITEDLIRRNAEHNDCVIFSLEELSLHQQEIERLEHIDKWCRDLKILYLQNNLIGKIENVSKLKKLEYLNLALNNIEKIENLEGCEELAKLDLTVNFIGELSSIKNLQHNIHLKELFLMGNPCASFDHYREFVVATLPQLKWLDGKEIEPSERIKALQDYSVIEPQIREQEKDHCLKRAKLKEEAQRKHQEEDKNEDKRSNAGFDGRWYTDINATLSSLESKDHLQAPDTEEHNTKKLDNSEDDLEFWNKPCLFTPESRLETLRHMEKQRKKQEKLSEKKKKVKPPRTLITEDGKALNVNEPKIDFSLKDNEKQIILDLAVYRYMDTSLIDVDVQPTYVRVMIKGKPFQLVLPAEVKPDSSSAKRSQTTGHLVICMPKVGEVITGGQRAFKSMKTTSDRSREQTNTRSKHMEKLEVDPSKHSFPDVTNIVQEKKHTPRRRPEPKIIPSEEDPTFEDNPEVPPLI,Q86X45
62,"CJ072_HUMAN,VSTM4_HUMAN",Q8IW00,VSTM4_HUMAN,reviewed,V-set and transmembrane domain-containing protein 4 [Cleaved into: Peptide Lv],196740;,VSTM4 C10orf72,320,MRLLALAAAALLARAPAPEVCAALNVTVSPGPVVDYLEGENATLLCHVSQKRRKDSLLAVRWFFAHSFDSQEALMVKMTKLRVVQYYGNFSRSAKRRRLRLLEEQRGALYRLSVLTLQPSDQGHYVCRVQEISRHRNKWTAWSNGSSATEMRVISLKASEESSFEKTKETWAFFEDLYVYAVLVCCVGILSILLFMLVIVWQSVFNKRKSRVRHYLVKCPQNSSGETVTSVTSLAPLQPKKGKRQKEKPDIPPAVPAKAPIAPTFHKPKLLKPQRKVTLPKIAEENLTYAELELIKPHRAAKGAPTSTVYAQILFEENKL,Q8IW00
63,"COA5_HUMAN,CB064_HUMAN",Q86WW8,COA5_HUMAN,reviewed,Cytochrome c oxidase assembly factor 5,493753;,COA5 C2orf64,74,MPKYYEDKPQGGACAGLKEDLGACLLQSDCVVQEGKSPRQCLKEGYCNSLKYAFFECKRSVLDNRARFRGRKGY,Q86WW8
64,"PEVR1_HUMAN,S52A2_HUMAN",Q9HAB3,S52A2_HUMAN,reviewed,"Solute carrier family 52, riboflavin transporter, member 2 (Porcine endogenous retrovirus A receptor 1) (PERV-A receptor 1) (Protein GPR172A) (Riboflavin transporter 3) (hRFT3)",79581;,SLC52A2 GPR172A PAR1 RFT3,445,MAAPTPARPVLTHLLVALFGMGSWAAVNGIWVELPVVVKELPEGWSLPSYVSVLVALGNLGLLVVTLWRRLAPGKDEQVPIRVVQVLGMVGTALLASLWHHVAPVAGQLHSVAFLALAFVLALACCASNVTFLPFLSHLPPRFLRSFFLGQGLSALLPCVLALVQGVGRLECPPAPINGTPGPPLDFLERFPASTFFWALTALLVASAAAFQGLLLLLPPPPSVPTGELGSGLQVGAPGAEEEVEESSPLQEPPSQAAGTTPGPDPKAYQLLSARSACLLGLLAATNALTNGVLPAVQSFSCLPYGRLAYHLAVVLGSAANPLACFLAMGVLCRSLAGLGGLSLLGVFCGGYLMALAVLSPCPPLVGTSAGVVLVVLSWVLCLGVFSYVKVAASSLLHGGGRPALLAAGVAIQVGSLLGAVAMFPPTSIYHVFHSRKDCADPCDS,Q9HAB3
65,"CF146_HUMAN,F217A_HUMAN",Q8IXS0,F217A_HUMAN,reviewed,Protein FAM217A,222826;,FAM217A C6orf146,508,MGRRNENCANSLRVSNISQENLSHWNLDSEVPVSENKNLPAGRDGAAGGKINKNYLEIPVEQLMLEPNLSVHSQKSTQNSKQGIFQLWNCPLNEGSTIEKREFKKSSVETGFNVINHPIRVFTLNHPLTIASVDKQVGPYPGLPMPLGLCWPYADGDFFKNRNEIHVSSCSTIENNDGETLPAPNWNLKHGNSSVEENFTDESDLSENEKTNDTLLSYFKKVDLNLKPETIKNVEEPFTEEPNEVFPYPDFLPPPFSALDLHNLALSKSDNWKVTVDPAETSVEHLITRLLELERLQHMTIQKERPRLQTTFCTPAVTERPSSSKATPKVRQPKLCDSLSLQIPCVDKSQEKSKNNSGSCKLEQNALKRNWSNAGKYRWNSRPLSLKSSSTPKQLIETYDKNPKSSILSPCQELSFKPTIGHTNQSMVKMVSTRCLPWRSPMPVSPIPLTFPENQKEEIKAPKRNFGTKKKLYRQNIVLNRPFSIQKLNCLSPSLIAKDKCCSPIEQK,Q8IXS0
66,"FA20B_HUMAN,XYLK_HUMAN",O75063,XYLK_HUMAN,reviewed,Glycosaminoglycan xylosylkinase (EC 2.7.1.-) (Xylose kinase),9917;,FAM20B KIAA0475,409,MKLKQRVVLLAILLVIFIFTKVFLIDNLDTSAANREDQRAFHRMMTGLRVELAPKLDHTLQSPWEIAAQWVVPREVYPEETPELGAVMHAMATKKIIKADVGYKGTQLKALLILEGGQKVVFKPKRYSRDHVVEGEPYAGYDRHNAEVAAFHLDRILGFHRAPLVVGRFVNLRTEIKPVATEQLLSTFLTVGNNTCFYGKCYYCRETEPACADGDIMEGSVTLWLPDVWPLQKHRHPWGRTYREGKLARWEYDESYCDAVKKTSPYDSGPRLLDIIDTAVFDYLIGNADRHHYESFQDDEGASMLILLDNAKSFGNPSLDERSILAPLYQCCIIRVSTWNRLNYLKNGVLKSALKSAMAHDPISPVLSDPHLDAVDQRLLSVLATVKQCTDQFGMDTVLVEDRMPLSHL,O75063
67,"K0748_HUMAN,TESP1_HUMAN",A2RU30,TESP1_HUMAN,reviewed,Protein TESPA1 (Thymocyte-expressed positive selection-associated protein 1),9840;,TESPA1 KIAA0748 HSPC257,521,MEASVLSPTSWEKRRAWLRQSRNWQTQVLEEEAAAALQDVPDPEPSSLDDVFQEGNPINKIEDWLQDCGYSEEGFSEEAGQFIYNGFCSHGTSFEDDLTLGAEATLLAANGKLFSRSFLETARPCQLLDLGCSLASSSMTGGTNKTSSSISEILDKVQEDAEDVLFSLGFGQEDHKDTSRIPARFFTTPSQAKGIDFQLFLKSQVRRIEMEDPCLMLASRFKQVQTLAVTADAFFCLYSYVSKTPVQKFTPSHMFWNCNHPTDVPSIRILSREPEPQSPRDRLRKAISKMCLYTCPRDRPPPPHNTPKRNSLDQVVLEVMDKVKEEKQFLQQDSDLGQFSQEDPVPPAEGKKLPTSPYPCVFCCEEETQQRMSTVLAPSQTLDSNPKVPCCTHSLPIEDPQWSTDPAQIRRELCSLPATNTETHPAKDETFWKRKSRARKSLFQKNLMGRKVKSLDLSITQQKWKQSVDRPELRRSLSQQPQDTFDLEEVQSNSEEEQSQSRWPSRPRHPHHHQTFAGKDS,A2RU30
68,"AXA81_HUMAN,AXA82_HUMAN",Q5VT79,AXA81_HUMAN,reviewed,Annexin A8-like protein 1,728113;,ANXA8L1 ANXA8L2,327,MAWWKAWIEQEGVTVKSSSHFNPDPDAETLYKAMKGIGTNEQAIIDVLTKRSNTQRQQIAKSFKAQFGKDLTETLKSELSGKFERLIVALMYPPYRYEAKELHDAMKGLGTKEGVIIEILASRTKNQLREIMKAYEEDYGSSLEEDIQADTSGYLERILVCLLQGSRDDVSSFVDPALALQDAQDLYAAGEKIRGTDEMKFITILCTRSATHLLRVFEEYEKIANKSIEDSIKSETHGSLEEAMLTVVKCTQNLHSYFAERLYYAMKGAGTRDGTLIRNIVSRSEIDLNLIKCHFKKMYGKTLSSMIMEDTSGDYKNALLSLVGSDP,Q5VT79
69,"MCAR1_HUMAN,S2551_HUMAN",Q9H1U9,S2551_HUMAN,reviewed,Solute carrier family 25 member 51 (Mitochondrial carrier triple repeat protein 1),92014;,SLC25A51 MCART1,297,MMDSEAHEKRPPILTSSKQDISPHITNVGEMKHYLCGCCAAFNNVAITFPIQKVLFRQQLYGIKTRDAILQLRRDGFRNLYRGILPPLMQKTTTLALMFGLYEDLSCLLHKHVSAPEFATSGVAAVLAGTTEAIFTPLERVQTLLQDHKHHDKFTNTYQAFKALKCHGIGEYYRGLVPILFRNGLSNVLFFGLRGPIKEHLPTATTHSAHLVNDFICGGLLGAMLGFLFFPINVVKTRIQSQIGGEFQSFPKVFQKIWLERDRKLINLFRGAHLNYHRSLISWGIINATYEFLLKVI,Q9H1U9
70,"TEN1L_HUMAN,YQ023_HUMAN",Q86WV5,TEN1L_HUMAN,reviewed,CST complex subunit TEN1 (Protein telomeric pathways with STN1 homolog) (Telomere length regulation protein TEN1 homolog),100134934;,TEN1 C17orf106,123,MMLPKPGTYYLPWEVSAGQVPDGSTLRTFGRLCLYDMIQSRVTLMAQHGSDQHQVLVCTKLVEPFHAQVGSLYIVLGELQHQQDRGSVVKARVLTCVEGMNLPLLEQAIREQRLYKQERGGSQ,Q86WV5
71,"IGF1_HUMAN,IGF1B_HUMAN",P05019,IGF1_HUMAN,reviewed,Insulin-like growth factor I (IGF-I) (Mechano growth factor) (MGF) (Somatomedin-C),3479;,IGF1 IBP1,195,MGKISSLPTQLFKCCFCDFLKVKMHTMSSSHLFYLALCLLTFTSSATAGPETLCGAELVDALQFVCGDRGFYFNKPTGYGSSSRRAPQTGIVDECCFRSCDLRRLEMYCAPLKPAKSARSVRAQRHTDMPKTQKYQPPSTNKNTKSQRRKGWPKTHPGGEQKEGTEASLQIRGKKKEQRREIGSRNAECRGKKGK,P05019
72,"CX022_HUMAN,CX059_HUMAN",Q6ZTR5,CFA47_HUMAN,reviewed,Cilia- and flagella-associated protein 47,286464;,CFAP47 CHDC2 CXorf22 CXorf30 CXorf59,3187,MNTQKGSLTINVHRGSLAMSIQRGSLVPRDMDSSGRDMQLRVIPAEVKFLDTMAGRVYRLPITVHNICRWNQKIRFKEPVKPQFKLMLTSLDKELASGLQMTAMVEYHPDKDEDTFDRLLISIENKTTEIPLIGLIPSCQLEIESVVNFGTLVANSKVYSKEITITNHGKAPGIFKAEYHGQLPILIFPTSGIVDAKSSMVIKVDFCADQPRIVDEEAIVILQGQPEMLLSIKAHVVEQIIELLSMSSDRRLECIHFGPVFFGSSKIKHARVYNNSPEPINWVAIIQDDAVGEELGTDIQQRTDIALNNLTYIRKIKNIDTTIIISCLPNEGTLQPYQKTVITFCFTPKLMAVGKKDIGPSYRQDYALFLRFESVGSKDGFLRDDDYKTIKSERFQKVELALTGTGLPVLLQFDPGPVLNFKPCFMGERSEIQCIIKNQCELLPVTYHFKKTANFEIDPEKGKITGGGMVDVMCSFVPHQLGVFKVKQMIEIIGLVAEEDLQSLSVKSFHHVYLAFNSICKASTKKVVMKFDPGILPSIRNPTGKFVVKDLAKRKNYAPVAMLQSAMTRTHNHRSCEEPVKDMLLAFPNDRAATIRSKDHHKHFRPIFTKVPRFNYVNHDFAYTTFEKQQKKLHENYYAMYLKYLRSVRLQKKQAERERMYSYDDTDIGLEPGSGLKSPSLSEAEIEEELSSAANSIRANRLLTTRGIASQEEESVRRKVLKGLKSEPSTPQEKHDCSLMLTPKQIHQVIVGPSVLNFGNICVNSPNTHLLHVINMLPMHVLLQLDTDLEELQKTNQFSYVILPTSSTYISMVFDSPTIGKFWKSFTFTVNNVPSGHILVVAVVQPVTLELSSNELVLRPRGFFMKTCFRGTVRLYNRQNCCAQFQWQPVNTGRGIAFSICPAKGTVEAYSSLECEVTWQQGFSSPEEGEFILHVFQGNALKLKCVAHLGRTKVLLLQPRILFSNCPQGLTTWRKAILQNVGQNHAYFKVCSQSLLPIINIIPSQGIVPFGGITVLNISCKPTVAEKFDTRAKVSIRHANVIDLRIGGSAEIADVEINPDVFNFSGAYIGGTQIIPFVIKNKGITRARVEFNLKDFPDFSMDLKDKSEEFKDPAVPYIYSLELEENTSLECSITFSPKEVTVVEFIIQVQINFFESSKLYTKYLSSSPSNPKTVPLIRPCYVQATALQSPLNLSSTKFVFEIPLHEMNPNNKVTKTQNLVLYNITKHHVTWTLDLSNTGKLFKDGTFKFSVLNGILRPNEKYNVSISFCPNRPGTYTADIPMLLNYIPVCYKILHLTGEVKSPELLFDPPFIFFTPVPLDITTVMDINILPQNYFRNSTLCVQIPTVRLLDGEEIHPLSVKFPKGRVIPGSHSGINNKLTCHLSFKSSKPVSFFTNLLFCDDRKNWFSLPVTATAENCILTIYPYMAIHLDKQNIILKNDKDEYLKKTRDGVLPPYQDAKPPSPASIKKTYTTSKFNDAEPAKGNLFIGVEVLPENLHLDESETSEEDHGSLEKEKYEQFLSLEEGTKAHYFFEKVVNAAQTWFSLFGWPEGPHSFSIPETIRRDVYKMQFYSSTSPPQKFSRQNDFSKYNKTIYDVLLHLSGKMPPGINSSQSLPVDNHEKRVIQLHLQHSSLLDFLNAQGGCISHVLPEFLLEPEDYKRWIEIMSSTNTMPVSSCTPKKKCSIVIEMSKFEAWSKRAWTDVFLQIYKVLVLSRVVPYCSNNMPPICVQNTPKVNPCFASSNIYSDSERILLSWMNINYENTRHVIWKNCHKDVIPSERWIVNFDKDLSDGLVFATQLGAYCPFLIESHFINMYTRPKSPEEYLHNCLIIVNTLYEIDFDVEIQATDICDPNPILMLMLCVYMYERLPTYLPKKVVSFECTLHDTVLNKILLKNSSSRNLVYNARIVGRDAADFSLSQKGNVVTISPRNEINVTLKFTSRFIRPAEASLLLISKPKNAVRGITMTFALKGKVLDFKAIDIIKCESPCYQFQEVTVNVKNPFHTAGDFSVILVESSTFVSSPTKLTESRQYPKHDDDMSSSGSDTDQGCSDSPNVLHTSIKSTFIREFFCSMHTVHLGVKGTSSLELRFLPFNMHVRYCVIILSNKKIGQLIYVAEGKGMTPLPSSCLPMNTSSSPVYYSTTREEGPNKKYPVLYLKCKPYQILYVDLKLPMTNEAKEKALAFAAQQQMSSIEYERRLITGTLESSSIRVAIALLGLTKIETLMLFRISKLRKPKTVSYTTEVSLPKYFYIPEKISIPWIPEPQVIKLSKAKASDGSVPLPLQFLPLQSGRYPCKILLKSRYDVRAYYVEGIVNEEQPEAKFEFETPAFEALTQNIPIKNQTNDKWTFQVTIEGEWFYGPVDLHVGPDEIVEYPLTFKPIFECVITGKLILQNEVDGREHIFDIKGVGKKPSALEHITVECQVGNVTQKHITLPHFTNTALTFKVTADLPIVWGNPQITVYPYKEILYLIHVRPWKRGILKGTITFSTTRRCTTRRKHDDYEEDTDQDQALSCLDSITEQSSILDDADTYGNFNNLRFWYNLEIHSTPGPPIEIMEMTCIALDSTCIEIPLSNPKDRGLHLEVQLTSAALNGDNEIILSPLQCTKYIVWYSPATTGYSDESIIFQPEMAEEFWYLLKLTIELPKPTTMPEIQCDLGKHVTQIIPLVNCTHETLKLQVTNSNPENFVLDINRKSQLIISPHSTTELPVLFYPSALGRADHQACINFYCTQFTEWKFYLSGVGLFPQPLDTERITTRIGLQSTIVIPFKNPTMEDVLIDIILTSVEHPRNLVMDHCWDSFIYESSAFRFSSPSEIQGIALPPKGNIDISLLFIPQIMKLHKTMVIIEMTKANGKYWPIDNFDELDIKFKSIVGIDSEEIQAIHWIYPIVGLPQAPPPKSPPVVIQCQSRKRAEEKVEIILNAGFFGFSLTPDLTEVLVIPKRNSHNFCEDPNEIPKIHEFEYEIQFESEAMKSKLESCVALYMIEKSYDIMAKRITFIFNLVFTPKKPLRSHITLKIECVTEGIWKFPIMLIATEPDTDAVIDIEGVGLFKESVFELRLKSQTRNPEPFTAHFLPGSDLEFFVKPQAGELLPFNTNGTLITVGFKPKMYCRKYKATLVIQTEEMYWKYEINGLTPTTVPPKNAKAKIDATHKTHDNMPVRPHNFVRENTKLIRTGVSSTIKGAPLVKNQ,Q6ZTR5
73,"K1688_HUMAN,RHG39_HUMAN",Q9C0H5,RHG39_HUMAN,reviewed,Rho GTPase-activating protein 39,80728;,ARHGAP39 KIAA1688,1083,MSQTQDYECRSHNVDLPESRIPGSNTRLEWVEIIEPRTRERMYANLVTGECVWDPPAGVRIKRTSENQWWELFDPNTSRFYYYNASTQRTVWHRPQGCDIIPLAKLQTLKQNTESPRASAESSPGRGSSVSREGSTSSSLEPEPDTEKAQELPARAGRPAAFGTVKEDSGSSSPPGVFLEKDYEIYRDYSADGQLLHYRTSSLRWNSGAKERMLIKVADREPSFLAAQGNGYAPDGPPGVRSRRPSGSQHSPSLQTFAPEADGTIFFPERRPSPFLKRAELPGSSSPLLAQPRKPSGDSQPSSPRYGYEPPLYEEPPVEYQAPIYDEPPMDVQFEAGGGYQAGSPQRSPGRKPRPFLQPNKQGPPSPCQQLVLTKQKCPERFLSLEYSPAGKEYVRQLVYVEQAGSSPKLRAGPRHKYAPNPGGGSYSLQPSPCLLRDQRLGVKSGDYSTMEGPELRHSQPPTPLPQAQEDAMSWSSQQDTLSSTGYSPGTRKRKSRKPSLCQATSATPTEGPGDLLVEQPLAEEQPPCGTSLAPVKRAEGEAEGARGAAEPFLAQARLAWEAQQAHFHMKQRSSWDSQQDGSGYESDGALPLPMPGPVVRAFSEDEALAQQENRHWRRGTFEKLGFPQILLEKSVSVQTNLASPEPYLHPSQSEDLAACAQFESSRQSRSGVPSSSCVFPTFTLRKPSSETDIENWASKHFNKHTQGLFRRKVSIANMLAWSSESIKKPMIVTSDRHVKKEACELFKLIQMYMGDRRAKADPLHVALEVATKGWSVQGLRDELYIQLCRQTTENFRLESLARGWELMAICLAFFPPTPKFHSYLEGYIYRHMDPVNDTKGVAISTYAKYCYHKLQKAALTGAKKGLKKPNVEEIRHAKNAVFSPSMFGSALQEVMGMQRERYPERQLPWVQTRLSEEVLALNGDQTEGIFRVPGDIDEVNALKLQVDQWKVPTGLEDPHVPASLLKLWYRELEEPLIPHEFYEQCIAHYDSPEAAVAVVHALPRINRMVLCYLIRFLQVFVQPANVAVTKMDVSNLAMVMAPNCLRCQSDDPRVIFENTRKEMSFLRVLIQHLDTSFMEGVL,Q9C0H5
74,"K0552_HUMAN,PRIP1_HUMAN",O60299,LZTS3_HUMAN,reviewed,Leucine zipper putative tumor suppressor 3 (ProSAP-interacting protein 1) (ProSAPiP1),9762;,LZTS3 KIAA0552 PROSAPIP1,673,MAKLETLPVRADPGRDPLLAFAPRPSELGPPDPRLAMGSVGSGVAHAQEFAMKSVGTRTGGGGSQGSFPGPRGSGSGASRERPGRYPSEDKGLANSLYLNGELRGSDHTDVCGNVVGSSGGSSSSGGSDKAPPQYREPSHPPKLLATSGKLDQCSEPLVRPSAFKPVVPKNFHSMQNLCPPQTNGTPEGRQGPGGLKGGLDKSRTMTPAGGSGSGLSDSGRNSLTSLPTYSSSYSQHLAPLSASTSHINRIGTASYGSGSGGSSGGGSGYQDLGTSDSGRASSKSGSSSSMGRPGHLGSGEGGGGGLPFAACSPPSPSALIQELEERLWEKEQEVAALRRSLEQSEAAVAQVLEERQKAWERELAELRQGCSGKLQQVARRAQRAQQGLQLQVLRLQQDKKQLQEEAARLMRQREELEDKVAACQKEQADFLPRIEETKWEVCQKAGEISLLKQQLKDSQADVSQKLSEIVGLRSQLREGRASLREKEEQLLSLRDSFSSKQASLELGEGELPAACLKPALTPVDPAEPQDALATCESDEAKMRRQAGVAAAASLVSVDGEAEAGGESGTRALRREVGRLQAELAAERRARERQGASFAEERRVWLEEKEKVIEYQKQLQLSYVEMYQRNQQLERRLRERGAAGGASTPTPQHGEEKKAWTPSRLERIESTEI,O60299
75,"SYCE3_HUMAN,CV041_HUMAN",A1L190,SYCE3_HUMAN,reviewed,Synaptonemal complex central element protein 3 (Testis highly expressed gene 2 protein) (THEG-2),644186;,SYCE3 C22orf41 THEG2,88,MDDADPEERNYDNMLKMLSDLNKDLEKLLEEMEKISVQATWMAYDMVVMRTNPTLAESMRRLEDAFVNCKEEMEKNWQELLHETKQRL,A1L190
76,"1C15_HUMAN,1C17_HUMAN,1C04_HUMAN,1C07_HUMAN,1C12_HUMAN,1C03_HUMAN,1C06_HUMAN,1C16_HUMAN,1C14_HUMAN,1C18_HUMAN,1C01_HUMAN,1C08_HUMAN,1C05_HUMAN,1C02_HUMAN",P10321,HLAC_HUMAN,reviewed,"HLA class I histocompatibility antigen, C alpha chain (HLA-C) (HLA-Cw) (Human leukocyte antigen C)",3107;,HLA-C HLAC,366,MRVMAPRALLLLLSGGLALTETWACSHSMRYFDTAVSRPGRGEPRFISVGYVDDTQFVRFDSDAASPRGEPRAPWVEQEGPEYWDRETQKYKRQAQADRVSLRNLRGYYNQSEDGSHTLQRMSGCDLGPDGRLLRGYDQSAYDGKDYIALNEDLRSWTAADTAAQITQRKLEAARAAEQLRAYLEGTCVEWLRRYLENGKETLQRAEPPKTHVTHHPLSDHEATLRCWALGFYPAEITLTWQRDGEDQTQDTELVETRPAGDGTFQKWAAVVVPSGQEQRYTCHMQHEGLQEPLTLSWEPSSQPTIPIMGIVAGLAVLVVLAVLGAVVTAMMCRRKSSGGKGGSCSQAACSNSAQGSDESLITCKA,"P30504,P30499,Q29960,Q07000,P30505,P10321,P30508,Q29963,P30510,P30501,Q95604,Q9TNN7,P04222,Q29865"
77,"MLE3_HUMAN,MYL1_HUMAN",P05976,MYL1_HUMAN,reviewed,"Myosin light chain 1/3, skeletal muscle isoform (MLC1/MLC3) (MLC1F/MLC3F) (Myosin light chain alkali 1/2) (Myosin light chain A1/A2)",4632;,MYL1,194,MAPKKDVKKPVAAAAAAPAPAPAPAPAPAPAKPKEEKIDLSAIKIEFSKEQQDEFKEAFLLFDRTGDSKITLSQVGDVLRALGTNPTNAEVRKVLGNPSNEELNAKKIEFEQFLPMMQAISNNKDQATYEDFVEGLRVFDKEGNGTVMGAELRHVLATLGEKMKEEEVEALMAGQEDSNGCINYEAFVKHIMSI,P05976
78,"AP4AT_HUMAN,CQ056_HUMAN",Q96N21,AP4AT_HUMAN,reviewed,AP-4 complex accessory subunit Tepsin (ENTH domain-containing protein 2) (Epsin for AP-4) (Tetra-epsin),146705;,TEPSIN C17orf56 ENTHD2,525,MAAAPPLRDRLSFLHRLPILLKGTSDDDVPCPGYLFEEIAKISHESPGSSQCLLEYLLSRLHSSSGHGKLKVLKILLYLCSHGSSFFLLILKRNSAFIQEAAAFAGPPDPLHGNSLYQKVRAAAQDLGSTLFSDTVLPLAPSQPLGTPPATGMGSQARPHSTLQGFGYSKEHGRTAVRHQPGQAGGGWDELDSGPSSQNSSQNSDLSRVSDSGSHSGSDSHSGASREPGDLAERVEVVALSDCQQELSLVRTVTRGPRAFLSREEAQHFIKACGLLNCEAVLQLLTCHLRGTSECTQLRALCAIASLGSSDLLPQEHILLRTRPWLQELSMGSPGPVTNKATKILRHFEASCGQLSPARGTSAEPGPTAALPGPSDLLTDAVPLPGSQVFLQPLSSTPVSSRSPAPSSGMPSSPVPTPPPDASPIPAPGDPSEAEARLAESRRWRPERIPGGTDSPKRGPSSCAWSRDSLFAGMELVACPRLVGAGAAAGESCPDAPRAPQTSSQRTAAKEPPGSEPSAFAFLNA,Q96N21
79,"2B14_HUMAN,2B11_HUMAN,2B13_HUMAN",P01911,DRB_HUMAN,reviewed,"HLA class II histocompatibility antigen, DRB1 beta chain (Human leukocyte antigen DRB1) (HLA-DRB1)",3123;,HLA-DRB1,266,MVCLKLPGGSCMTALTVTLMVLSSPLALSGDTRPRFLWQPKRECHFFNGTERVRFLDRYFYNQEESVRFDSDVGEFRAVTELGRPDAEYWNSQKDILEQARAAVDTYCRHNYGVVESFTVQRRVQPKVTVYPSKTQPLQHHNLLVCSVSGFYPGSIEVRWFLNGQEEKAGMVSTGLIQNGDWTFQTLVMLETVPRSGEVYTCQVEHPSVTSPLTVEWRARSESAQSKMLSGVGGFVLGLLFLGAGLFIYFRNQKGHSGLQPTGFLS,"P04229,P01912,Q29974,P13760,P01911"
80,"K1486_HUMAN,NYAP2_HUMAN",Q9P242,NYAP2_HUMAN,reviewed,Neuronal tyrosine-phosphorylated phosphoinositide-3-kinase adapter 2,57624;,NYAP2 KIAA1486,653,MISSKMMSSNPEEDPLDTFLQYIEDMGMKAYDGLVIQNASDIARENDRLRNETNLAYLKEKNEKRRRQEEAIKRIGGEVGRGHEGSYVGKHFRMGFMTMPAPQDRLPHPCSSGFSVRSQSLHSVGGTDDDSSCGSRRQPPPKPKRDPSTKLSTSSETVSSTAASKSGKTPERTEASAKPRPHSDEYSKKIPPPKPKRNPNTQLSTSFDETYIKKHGPRRTSLPRDSSLSQMGSPAGDPEEEEPVYIEMVGNILRDFRKEDDDQSEAVYEEMKYPIFDDLGQDAKCDFDHHSCSSQCATPTVPDLDFAKASVPCPPKGLLCDIPPPFPNLLSHRPPLLVFPPAPVHCSPNSDESPLTPLEVTKLPVLENVSYMKQPAGASPSTLPSHVPGHAKLEKEQAAALGPASATPALSSSPPPPSTLYRTQSPHGYPKSHSTSPSPVSMGRSLTPLSLKRPPPYDAVHSGSLSRSSPSVPHSTPRPVSQDGAKMVNAAVNTYGAAPGGSRSRTPTSPLEELTSLFSSGRSLLRKSSSGRRSKEPAEKSTEELKVRSHSTEPLPKLDNKERGHHGASSSREPVKAQEWDGTPGTPVVTSRLGRCSVSPTLLAGNHSSEPKVSCKLGRSASTSGVPPPSVTPLRQSSDLQQSQVPSSLANRD,Q9P242
81,"T53G3_HUMAN,TPTG3_HUMAN",Q9ULZ0,T53G3_HUMAN,reviewed,TP53-target gene 3 protein (TP53-inducible gene 3 protein),102723655;102723713;102724101;102724127;24150;653550;729264;729355;,TP53TG3 TP53TG3A; TP53TG3B; TP53TG3C; TP53TG3D; TP53TG3E; TP53TG3F,124,MRASPCISQPAASWHPRPSALRPTAGSGPDTRTPGTVEDGSAPCPAFRSPAVSPCGEEPCCFQISPAEETLELGRLVSPGNCDTLSPRAAGFYACHVRSLIPCRSTKGRWPLTASAAGLSSFSG,Q9ULZ0
82,"HA27_HUMAN,DQA1_HUMAN",P01909,DQA1_HUMAN,reviewed,"HLA class II histocompatibility antigen, DQ alpha 1 chain (DC-1 alpha chain) (DC-alpha) (HLA-DCA) (MHC class II DQA1)",3117;,HLA-DQA1,254,MILNKALMLGALALTTVMSPCGGEDIVADHVASYGVNLYQSYGPSGQYTHEFDGDEQFYVDLGRKETVWCLPVLRQFRFDPQFALTNIAVLKHNLNSLIKRSNSTAATNEVPEVTVFSKSPVTLGQPNILICLVDNIFPPVVNITWLSNGHSVTEGVSETSFLSKSDHSFFKISYLTLLPSAEESYDCKVEHWGLDKPLLKHWEPEIPAPMSELTETVVCALGLSVGLVGIVVGTVFIIRGLRSVGASRHQGPL,P01909
83,"MOB3C_HUMAN,MOL2C_HUMAN",Q70IA8,MOB3C_HUMAN,reviewed,MOB kinase activator 3C (Mob1 homolog 2C) (Mps one binder kinase activator-like 2C),148932;,MOB3C MOBKL2C,216,MALCLKQVFAKDKTFRPRKRFEPGTQRFELYKKAQASLKSGLDLRSVVRLPPGENIDDWIAVHVVDFFNRINLIYGTMAERCSETSCPVMAGGPRYEYRWQDERQYRRPAKLSAPRYMALLMDWIEGLINDEEVFPTRVGVPFPKNFQQVCTKILTRLFRVFVHVYIHHFDSILSMGAEAHVNTCYKHFYYFIREFSLVDQRELEPLREMTERICH,Q70IA8
84,"RLBL1_HUMAN,CLVS1_HUMAN",Q8IUQ0,CLVS1_HUMAN,reviewed,Clavesin-1 (Cellular retinaldehyde-binding protein-like) (Retinaldehyde-binding protein 1-like 1) (clathrin vesicle-associated Sec14 protein 1),157807;,CLVS1 CRALBPL RLBP1L1,354,MGPVSLLPKYQKLNTWNGDLAKMTHLQAGLSPETIEKARLELNENPDVLHQDIQQVRDMIITRPDIGFLRTDDAFILRFLRARKFHQADAFRLLAQYFQYRQLNLDMFKNFKADDPGIKRALIDGFPGVLENRDHYGRKILLLFAANWDQSRNSFTDILRAILLSLEVLIEDPELQINGFILIIDWSNFSFKQASKLTPSILKLAIEGLQDSFPARFGGVHFVNQPWYIHALYTLIKPFLKDKTRKRIFLHGNNLNSLHQLIHPEFLPSEFGGTLPPYDMGTWARTLLGPDYSDENDYTHTSYNAMHVKHTSSNLERECSPKLMKRSQSVVEAGTLKHEEKGENENTQPLLALD,Q8IUQ0
85,"LCOR_HUMAN,CJ012_HUMAN",Q96JN0,LCOR_HUMAN,reviewed,Ligand-dependent corepressor (LCoR) (Mblk1-related protein 2),84458;,LCOR C10orf12 KIAA1795 MLR2,433,MQRMIQQFAAEYTSKNSSTQDPSQPNSTKNQSLPKASPVTTSPTAATTQNPVLSKLLMADQDSPLDLTVRKSQSEPSEQDGVLDLSTKKSPCAGSTSLSHSPGCSSTQGNGRPGRPSQYRPDGLRSGDGVPPRSLQDGTREGFGHSTSLKVPLARSLQISEELLSRNQLSTAASLGPSGLQNHGQHLILSREASWAKPHYEFNLSRMKFRGNGALSNISDLPFLAENSAFPKMALQAKQDGKKDVSHSSPVDLKIPQVRGMDLSWESRTGDQYSYSSLVMGSQTESALSKKLRAILPKQSRKSMLDAGPDSWGSDAEQSTSGQPYPTSDQEGDPGSKQPRKKRGRYRQYNSEILEEAISVVMSGKMSVSKAQSIYGIPHSTLEYKVKERLGTLKNPPKKKMKLMRSEGPDVSVKIELDPQGEAAQSANESKNE,Q96JN0
86,"PXDC1_HUMAN,CF145_HUMAN",Q5TGL8,PXDC1_HUMAN,reviewed,PX domain-containing protein 1,221749;,PXDC1 C6orf145,231,MASAVFEGTSLVNMFVRGCWVNGIRRLIVSRRGDEEEFFEIRTEWSDRSVLYLHRSLADLGRLWQRLRDAFPEDRSELAQGPLRQGLVAIKEAHDIETRLNEVEKLLKTIISMPCKYSRSEVVLTFFERSPLDQVLKNDNVHKIQPSFQSPVKISEIMRSNGFCLANTETIVIDHSIPNGRDQQLGVDPTEHLFENGSEFPSELEDGDDPAAYVTNLSYYHLVPFETDIWD,Q5TGL8
87,"F198B_HUMAN,ENED_HUMAN",Q6UWH4,GAK1B_HUMAN,reviewed,Golgi-associated kinase 1B (Expressed in nerve and epithelium during development) (Protein FAM198B),51313;,GASK1B C4orf18 ENED FAM198B AD021 UNQ2512/PRO6001,519,MTCPDKPGQLINWFICSLCVPRVRKLWSSRRPRTRRNLLLGTACAIYLGFLVSQVGRASLQHGQAAEKGPHRSRDTAEPSFPEIPLDGTLAPPESQGNGSTLQPNVVYITLRSKRSKPANIRGTVKPKRRKKHAVASAAPGQEALVGPSLQPQEAAREADAVAPGYAQGANLVKIGERPWRLVRGPGVRAGGPDFLQPSSRESNIRIYSESAPSWLSKDDIRRMRLLADSAVAGLRPVSSRSGARLLVLEGGAPGAVLRCGPSPCGLLKQPLDMSEVFAFHLDRILGLNRTLPSVSRKAEFIQDGRPCPIILWDASLSSASNDTHSSVKLTWGTYQQLLKQKCWQNGRVPKPESGCTEIHHHEWSKMALFDFLLQIYNRLDTNCCGFRPRKEDACVQNGLRPKCDDQGSAALAHIIQRKHDPRHLVFIDNKGFFDRSEDNLNFKLLEGIKEFPASAVSVLKSQHLRQKLLQSLFLDKVYWESQGGRQGIEKLIDVIEHRAKILITYINAHGVKVLPMNE,Q6UWH4
88,"IMA1_HUMAN,IMA2_HUMAN",P52292,IMA1_HUMAN,reviewed,Importin subunit alpha-1 (Karyopherin subunit alpha-2) (RAG cohort protein 1) (SRP1-alpha),3838;,KPNA2 RCH1 SRP1,529,MSTNENANTPAARLHRFKNKGKDSTEMRRRRIEVNVELRKAKKDDQMLKRRNVSSFPDDATSPLQENRNNQGTVNWSVDDIVKGINSSNVENQLQATQAARKLLSREKQPPIDNIIRAGLIPKFVSFLGRTDCSPIQFESAWALTNIASGTSEQTKAVVDGGAIPAFISLLASPHAHISEQAVWALGNIAGDGSVFRDLVIKYGAVDPLLALLAVPDMSSLACGYLRNLTWTLSNLCRNKNPAPPIDAVEQILPTLVRLLHHDDPEVLADTCWAISYLTDGPNERIGMVVKTGVVPQLVKLLGASELPIVTPALRAIGNIVTGTDEQTQVVIDAGALAVFPSLLTNPKTNIQKEATWTMSNITAGRQDQIQQVVNHGLVPFLVSVLSKADFKTQKEAVWAVTNYTSGGTVEQIVYLVHCGIIEPLMNLLTAKDTKIILVILDAISNIFQAAEKLGETEKLSIMIEECGGLDKIEALQNHENESVYKASLSLIEKYFSVEEEEDQNVVPETTSEGYTFQVQDGAPGTFNF,P52292
89,"MB213_HUMAN,CA161_HUMAN",Q8N8X9,MB213_HUMAN,reviewed,Protein mab-21-like 3,126868;,MAB21L3 C1orf161,362,MKYLTVGDLEDCLLNKVDLRRQQISQAVEEVQKVVHHLTTNISNQDIRFQAVPYSDTYNENIKVLAPSQFLVTVPIKGLAGYREAREQHWRYYTLQGTRLPCPLRDPEGLQQWLEVEQFMKSLWQWHETDVNIDGDIVPAKVLLVFRKLVENAVRTCHLSGKVSLLGNRSAVWVAVETSAYQVELELVPAVEIPTTWSKKARWPRCLQRWPSQERVECIKSFGFNLLACSNYHWQLSFLRAEQVLLEQLDEDGGCRRKCFQVMRHLKEDIWCPGNRPVITSHHLQTVLFWTCEKYPHFKDWQVFSKAFLRLVRKLHKCVSQHFLKHYFVRNSNLFQCTNPTELDTVAQKLATFLKNPQIGPP,Q8N8X9
90,"S12IP_HUMAN,SR1IP_HUMAN",Q8N9Q2,SR1IP_HUMAN,reviewed,Protein SREK1IP1 (SFRS12-interacting protein 1) (SREK1-interacting protein 1) (Splicing regulatory protein of 18 kDa) (p18SRP),285672;,SREK1IP1 P18SRP SFRS12IP1,155,MAVPGCNKDSVRAGCKKCGYPGHLTFECRNFLRVDPKRDIVLDVSSTSSEDSDEENEELNKLQALQEKRINEEEEKKKEKSKEKIKLKKKRKRSYSSSSTEEDTSKQKKQKYQKKEKKKEKKSKSKKGKHHKKEKKKRKKEKHSSTPNSSEFSRK,Q8N9Q2
91,"MUT7B_HUMAN,MUT7_HUMAN",Q8N9H8,MUT7_HUMAN,reviewed,Exonuclease mut-7 homolog (EC 3.1.-.-) (Exonuclease 3'-5' domain-containing protein 3),54932;,EXD3 HBE269,876,MDPGDPAGDPAAGERHRMGRDPLLLLQALQTLWSTRERKQLREEAWRGFAALDDPLAGLLDMLESCRGQRGEGPSLAAWISHQLQCWLQAQPCPSLAQHSLRLKQLQARAVKVLTESPPSLAAPLASIFQLQDADRSCLLAHVHRLHHEGRFREAATLGATLKLQSELGVEKMSIPLLLQDKVALVERYVAGFPDLQRRLLVLMDSWCQPGFDIKDVARRYPEVTSLSLEKLSPKALSRQVLRLQERYGVAPALCPNAAIQQRLAALRHLCHKRFVEKSLSQENWTDHVQGLVGQSPWLQEQLSQLLVSHSDPVTAAQCAMELLLPEERLPAAVAVELRRFRLQGRATEADSRLEVKDMKDRYYQLPIPRENVHLLASWEDLTRHEGALLQCHQVVGVDVEWTPVFVAGGRPRPSLLQVAVEGHVFLLDVLALSQPPTGQGAQAFSRLVAQLLSDPSITKLGYGMVGDLQKLGTSCPALAHVEKQILGGMDLLLVHRQMRVASVPAPAVDRARELRGLSLLVQQVLGTALDKTQQLSNWDRRPLCEEQVIYAAADAYCLLEVHQALCREPARFHLSEDLAGSRRPRHRERPGARKPPGLQKASAPAAPRQVPVAVAVSEGAAPQIPARAFRVVCDNMLQGLARSLRCLGVDARMLGNGEDHRRAAEVARQEGRIILTSGQPFHKLRAQVGAGRCLSVDCSLKAQQQAKAVLKHFNVRVTHADIFSRCQACNCDQYLKVSRDMMKQLMWLSSHQEGPRSSGDEATQSQAVQEPGPAPDAAPEGCTYDRPCRWLQMADLRAETPDMLADGTRLQLAGVPVGVLRTPGLRCFYCCTGCGKVFWDGSHLGRVATHFRDMLESAPSPCEPSPAPSPASSPF,Q8N9H8
92,"SAPC2_HUMAN,CI140_HUMAN",Q86UD0,SAPC2_HUMAN,reviewed,Suppressor APC domain-containing protein 2 (Tumor specificity and mitosis phase-dependent expression protein) (TS/MDEP) (p42.3),89958;,SAPCD2 C9orf140,394,MAGAAMAERGRVPPPAPAPSTEGLPRAFLQSLRTLFDILDDRRRGCVHLREIESRWQGTDARELPRGVLEGLRQVAPASGYLTFERFVAGLRTSLLSADGGPRDPTRAPARPGDQPPPPPQRLVFAPADEPRTVLERKPLPLGVRAPLAGPSAAARSPEQLCAPAEAAPCPAEPERSQSAALEPSSSADAGAVACRALEADSGDARRAPRARGERRRHTIASGVDCGLLKQMKELEQEKEVLLQGLEMMARGRDWYQQQLQRVQERQRRLGQSRASADFGAAGSPRPLGRLLPKVQEVARCLGELLAAACASRALPPSSSGPPCPALTSTSPPVWQQQTILMLKEQNRLLTQEVTEKSERITQLEQEKSALIKQLFEARALSQQDGGPLDSTFI,Q86UD0
93,"FA21A_HUMAN,FA21B_HUMAN",Q641Q2,WAC2A_HUMAN,reviewed,WASH complex subunit 2A,387680;,WASHC2A FAM21A FAM21B,1341,MMNRTTPDQELAPASEPVWERPWSVEEIRRSSQSWSLAADAGLLQFLQEFSQQTISRTHEIKKQVDGLIRETKATDCRLHNVFNDFLMLSNTQFIENRVYDEEVEEPVLKAEAEKTEQEKTREQKEVDLIPKVQEAVNYGLQVLDSAFEQLDIKAGNSDSEEDDANGRVELILEPKDLYIDRPLPYLIGSKLFMEQEDVGLGELSSEEGSVGSDRGSIVDTEEEKEEEESDEDFAHHSDNEQNRHTTQMSDEEEDDDGCDLFADSEKEEEDIEDIEENTRPKRSRPTSFADELAARIKGDAVGRVDEEPTTLPSGEAKPRKTLKEKKERRTPSDDEEDNLFAPPKLTDEDFSPFGSGGGLFSGGKGLFDDEDEESDLFTEAPQDRQAGASVKEESSSSKPGKKIPAGAVSVFLGDTDVFGAASVPSMKEPQKPEQPTPRKSPYGPPPTGLFDDDDGDDDDDFFSAPHSKPSKTGKVQSTADIFGDEEGDLFKEKAVASPEATVSQTDENKARAEKKVTLSSSKNLKPSSETKTQKGLFSDEEDSEDLFSSQSASKLKGASLLPGKLPTLVSLFDDEDEEDNLFGGTAAKKQTLCLQAQREEKAKASELSKKKASALLFSSDEEDQWNIPASQTHLASDSRSKGEPRDSGTLQSQEAKAVKKTSLFEEDEEDDLFAIAKDSQKKTQRVSLLFEDDVDSGGSLFGSPPTSVPPATKKKETVSEAPPLLFSDEEEKEAQLGVKSVDKKVESAKESLKFGRTDVAESEKEGLLTRSAQETVKHSDLFSSSSPWDKGTKPRTKTVLSLFDEEEDKMEDQNIIQAPQKEVGKGRDPDAHPKSTGVFQDEELLFSHKLQKDNDPDVDLFAGTKKTKLLEPSVGSLFGDDEDDDLFSSAKSQPLVQEKKRVVKKDHSVDSFKNQKHPESIQGSKEKGIWKPETPQDSSGLAPFKTKEPSTRIGKIQANLAINPAALLPTAASQISEVKPVLPELAFPSSEHRRSHGLESVPVLPGSGEAGVSFDLPAQADTLHSANKSRVKMRGKRRPQTRAARRLAAQESSETEDMSVPRGPIAQWADGAISPNGHRPQLRAASGEDSTEEALAAAAAPWEGGPVPGVDRSPFAKSLGHSRGEADLFDSGDIFSTGTGSQSVERTKPKAKIAENPANPPVGGKAKSPMFPALGEASSDDDLFQSAKPKPAKKTNPFPLLEDEDDLFTDQKVKKNETKSNSQQDVILTTQDIFEDDIFATEAIKPSQKTREKEKTLESNLFDDNIDIFADLTVKPKEKSKKKVEAKSIFDDDMDDIFSSGIQAKTTKPKSRSAQAAPEPRFEHKVSNIFDDPLNAFGGQ,Q641Q2
94,"1B08_HUMAN,1B27_HUMAN,1B44_HUMAN,1B73_HUMAN,1B13_HUMAN,1B07_HUMAN,1B55_HUMAN,1B35_HUMAN,1B15_HUMAN,1B51_HUMAN,1B53_HUMAN,1B46_HUMAN,1B42_HUMAN,1B45_HUMAN,1B57_HUMAN",P01889,HLAB_HUMAN,reviewed,"HLA class I histocompatibility antigen, B alpha chain (Human leukocyte antigen B) (HLA-B)",3106;,HLA-B HLAB,362,MLVMAPRTVLLLLSAALALTETWAGSHSMRYFYTSVSRPGRGEPRFISVGYVDDTQFVRFDSDAASPREEPRAPWIEQEGPEYWDRNTQIYKAQAQTDRESLRNLRGYYNQSEAGSHTLQSMYGCDVGPDGRLLRGHDQYAYDGKDYIALNEDLRSWTAADTAAQITQRKWEAAREAEQRRAYLEGECVEWLRRYLENGKDKLERADPPKTHVTHHPISDHEATLRCWALGFYPAEITLTWQRDGEDQTQDTELVETRPAGDRTFQKWAAVVVPSGEEQRYTCHVQHEGLPKPLTLRWEPSSQSTVPIVGIVAGLAVLAVVVIGAVVAAVMCRRKSSGGKGGSYSQAACSDSAQGSDVSLTA,"P30493,P30483,P30685,P30491,P30466,P30460,P30481,P18464,P30461,P18465,P30464,P03989,P01889,Q31612,P30484,P30480"
95,"AL1L1_HUMAN,FTHFD_HUMAN",O75891,AL1L1_HUMAN,reviewed,Cytosolic 10-formyltetrahydrofolate dehydrogenase (10-FTHFDH) (FDH) (EC 1.5.1.6) (Aldehyde dehydrogenase family 1 member L1),10840;,ALDH1L1 FTHFD,902,MKIAVIGQSLFGQEVYCHLRKEGHEVVGVFTVPDKDGKADPLGLEAEKDGVPVFKYSRWRAKGQALPDVVAKYQALGAELNVLPFCSQFIPMEIISAPRHGSIIYHPSLLPRHRGASAINWTLIHGDKKGGFSIFWADDGLDTGDLLLQKECEVLPDDTVSTLYNRFLFPEGIKGMVQAVRLIAEGKAPRLPQPEEGATYEGIQKKETAKINWDQPAEAIHNWIRGNDKVPGAWTEACEQKLTFFNSTLNTSGLVPEGDALPIPGAHRPGVVTKAGLILFGNDDKMLLVKNIQLEDGKMILASNFFKGAASSVLELTEAELVTAEAVRSVWQRILPKVLEVEDSTDFFKSGAASVDVVRLVEEVKELCDGLELENEDVYMASTFGDFIQLLVRKLRGDDEEGECSIDYVEMAVNKRTVRMPHQLFIGGEFVDAEGAKTSETINPTDGSVICQVSLAQVTDVDKAVAAAKDAFENGRWGKISARDRGRLMYRLADLMEQHQEELATIEALDAGAVYTLALKTHVGMSIQTFRYFAGWCDKIQGSTIPINQARPNRNLTLTRKEPVGVCGIIIPWNYPLMMLSWKTAACLAAGNTVVIKPAQVTPLTALKFAELTLKAGIPKGVVNVLPGSGSLVGQRLSDHPDVRKIGFTGSTEVGKHIMKSCAISNVKKVSLELGGKSPLIIFADCDLNKAVQMGMSSVFFNKGENCIAAGRLFVEDSIHDEFVRRVVEEVRKMKVGNPLDRDTDHGPQNHHAHLVKLMEYCQHGVKEGATLVCGGNQVPRPGFFFEPTVFTDVEDHMFIAKEESFGPVMIISRFADGDLDAVLSRANATEFGLASGVFTRDINKALYVSDKLQAGTVFVNTYNKTDVAAPFGGFKQSGFGKDLGEAALNEYLRVKTVTFEY,O75891
96,"GATC_HUMAN,GATCL_HUMAN",O43716,GATC_HUMAN,reviewed,"Glutamyl-tRNA(Gln) amidotransferase subunit C, mitochondrial (Glu-AdT subunit C) (EC 6.3.5.-) (Protein 15E1.2)",283459;,GATC 15E1.2,136,MWSRLVWLGLRAPLGGRQGFTSKADPQGSGRITAAVIEHLERLALVDFGSREAVARLEKAIAFADRLRAVDTDGVEPMESVLEDRCLYLRSDNVVEGNCADELLQNSHRVVEEYFVAPPGNISLPKLDEQEPFPHS,O43716
97,"MIA2_HUMAN,CTGE5_HUMAN",Q96PC5,MIA2_HUMAN,reviewed,Melanoma inhibitory activity protein 2 (MIA protein 2) (CTAGE family member 5 ER export factor) (Cutaneous T-cell lymphoma-associated antigen 5) (Meningioma-expressed antigen 6/11),4253;,MIA2 CTAGE5 MEA11 MEA6 MGEA11 MGEA6,1412,MAKFGVHRILLLAISLTKCLESTKLLADLKKCGDLECEALINRVSAMRDYRGPDCRYLNFTKGEEISVYVKLAGEREDLWAGSKGKEFGYFPRDAVQIEEVFISEEIQMSTKESDFLCLLGVSYTFDNEDSELNGDYGENIYPYEEDKDEKSSIYESDFQIEPGFYATYESTLFEDQVPALEAPEDIGSTSESKDWEEVVVESMEQDRIPEVHVPPSSAVSGVKEWFGLGGEQAEEKAFESVIEPVQESSFRSRKIAVEDENDLEELNNGEPQTEHQQESESEIDSVPKTQSELASESEHIPKPQSTGWFGGGFTSYLGFGDEDTGLELIAEESNPPLQDFPNSISSDKEATVPCTEILTEKKDTITNDSLSLKPSWFDFGFAILGFAYAKEDKIMLDDRKNEEDGGADEHEHPLTSELDPEKEQEIETIKIIETEDQIDKKPVSEKTDESDTIPYLKKFLYNFDNPWNFQNIPKETELPFPKQILDQNNVIENEETGEFSIDNYPTDNTKVMIFKSSYSLSDMVSNIELPTRIHEEVYFEPSSSKDSDENSKPSVDTEGPALVEIDRSVENTLLNSQMVSTDNSLSSQNYISQKEDASEFQILKYLFQIDVYDFMNSAFSPIVILTERVVAALPEGMRPDSNLYGFPWELVICAAVVGFFAVLFFLWRSFRSVRSRLYVGREKKLALMLSGLIEEKSKLLEKFSLVQKEYEGYEVESSLKDASFEKEATEAQSLEATCEKLNRSNSELEDEILCLEKELKEEKSKHSEQDELMADISKRIQSLEDESKSLKSQVAEAKMTFKIFQMNEERLKIAIKDALNENSQLQESQKQLLQEAEVWKEQVSELNKQKVTFEDSKVHAEQVLNDKESHIKTLTERLLKMKDWAAMLGEDITDDDNLELEMNSESENGAYLDNPPKGALKKLIHAAKLNASLKTLEGERNQIYIQLSEVDKTKEELTEHIKNLQTEQASLQSENTHFENENQKLQQKLKVMTELYQENEMKLHRKLTVEENYRLEKEEKLSKVDEKISHATEELETYRKRAKDLEEELERTIHSYQGQIISHEKKAHDNWLAARNAERNLNDLRKENAHNRQKLTETELKFELLEKDPYALDVPNTAFGREHSPYGPSPLGWPSSETRAFLSPPTLLEGPLRLSPLLPGGGGRGSRGPGNPLDHQITNERGESSCDRLTDPHRAPSDTGSLSPPWDQDRRMMFPPPGQSYPDSALPPQRQDRFCSNSGRLSGPAELRSFNMPSLDKMDGSMPSEMESSRNDTKDDLGNLNVPDSSLPAENEATGPGFVPPPLAPIRGPLFPVDARGPFLRRGPPFPPPPPGAMFGASRDYFPPGDFPGPPPAPFAMRNVYPPRGFPPYLPPRPGFFPPPPHSEGRSEFPSGLIPPSNEPATEHPEPQQET,Q96PC5
98,"MCP62_HUMAN,S2548_HUMAN",Q6ZT89,S2548_HUMAN,reviewed,Solute carrier family 25 member 48,153328;,SLC25A48,311,MGSFQLEDFAAGWIGGAASVIVGHPLDTVKTRLQAGVGYGNTLSCIRVVYRRESMFGFFKGMSFPLASIAVYNSVVFGVFSNTQRFLSQHRCGEPEASPPRTLSDLLLASMVAGVVSVGLGGPVDLIKIRLQMQTQPFRDANLGLKSRAVAPAEQPAYQGPVHCITTIVRNEGLAGLYRGASAMLLRDVPGYCLYFIPYVFLSEWITPEACTGPSPCAVWLAGGMAGAISWGTATPMDVVKSRLQADGVYLNKYKGVLDCISQSYQKEGLKVFFRGITVNAVRGFPMSAAMFLGYELSLQAIRGDHAVTSP,Q6ZT89
99,"PAL4A_HUMAN,PAL4B_HUMAN",Q9Y536,PAL4A_HUMAN,reviewed,Peptidyl-prolyl cis-trans isomerase A-like 4A (PPIase A-like 4A) (EC 5.2.1.8) (Chromosome one-amplified sequence 2) (COAS-2) (Cyclophilin homolog overexpressed in liver cancer),653505;,PPIAL4A COAS2 PPIAL4B,164,MVNSVVFFDITVDGKPLGRISIKLFADKILKTAENFRALSTGEKGFRYKGSCFHRIIPGFMCQGGDFTRHNGTGDKSIYGEKFDDENLIRKHTGSGILSMANAGPNTNGSQFFICAAKTEWLDGKHVAFGKVKERVNIVEAMEHFGYRNSKTSKKITIADCGQF,Q9Y536
100,"CC054_HUMAN,F212A_HUMAN",Q96EL1,INKA1_HUMAN,reviewed,PAK4-inhibitor INKA1 (Induced in neural crest by AP2-alpha protein homolog) (HInca) (Inka box actin regulator 1),389119;,INKA1 C3orf54 FAM212A,287,MDMHSARLDSFLSQLRWELLCGRDTGSPSMPGPLQPTSQTGPDVQPSHQLRASGALEEDSVCCVEEEEEEEEEAVVTEDRDAALGGPREHALDWDSGFSEVSGSTWREEELPVSQRPAPSAQPLRRQCLSVSGLPMPSRAPVASVPPVHHPRPKSTPDACLEHWQGLEAEDWTAALLNRGRSRQPLVLGDNCFADLVHNWMELPETGSEGGDGGGHRARARPPQFLLGLSEQLRRRLARARRTAMAGKRLSCPPRPEPELPADVSRFAALMSCRSRQPIICNDVSYL,Q96EL1
101,"CB039_HUMAN,CC164_HUMAN",Q96MC2,DRC1_HUMAN,reviewed,Dynein regulatory complex protein 1 (Coiled-coil domain-containing protein 164),92749;,DRC1 C2orf39 CCDC164,740,MNPPGSLEALDPNVDEHLSTQILAPSVHSDNSQERIQARRLRIAARLEARRREALGEYLDGKKESEEDQSKSYKQKEESRLKLAKLLLCGTELVTNIQVAIDIREIHRRVEEEEIKRQRIEKLENEVKTSQDKFDEITSKWEEGKQKRIPQELWEMLNTQQLHCAGLLEDKNKLISELQQELKTKDDQYVKDLKKQSDDICLLLERMEEQVKNVMKTFREELYNIEKAFEVERQELLASNKKKWEQALQAHNAKELEYLNNRMKKVEDYEKQLNRQRIWDCEEYNMIKIKLEQDVQILEQQLQQRKAIYQLNQEKLEYNLQVLKKRDEESTVIKSQQKRKINRLHDILNNLRSKYAKQIKQFQEENQSLTSDYKRLVMQFKELQKAMRHFALIDDEKFWEIWLMNEEEAKDLIARAFDVDRIIHTHHLGLPWAAPDFWFLNNVGPISQQPQKSATQIVEEMLMRSEEEEAEEAAAEPESYLDLPKQISEKTTKRILMLLCDESGFLIESKLLSLLLPLEQNECYLLRLDAIFSALGIESEDDLYKLVNFFLKYRAHRLSSSLQIKPCSQASMEKASMEETSTRSELELAEQTEMEGEKEESLVEGEKEEEEETPPSPWVIHPNDVLKILEAFVMGLKKPRDSRAPLRVQKNVRDNSKDSEYWQALTTVIPSSKQNLWDALYTALEKYHLVLTQRAKLLLENSSLEQQNTELQALLQQYLNSKINSELQVPPTQVLRVPTK,Q96MC2
102,"KAD8_HUMAN,CI098_HUMAN",Q96MA6,KAD8_HUMAN,reviewed,Adenylate kinase 8 (AK 8) (EC 2.7.4.3) (EC 2.7.4.6) (ATP-AMP transphosphorylase 8),158067;,AK8 C9orf98,479,MDATIAPHRIPPEMPQYGEENHIFELMQNMLEQLLIHQPEDPIPFMIQHLHRDNDNVPRIVILGPPASGKTTIAMWLCKHLNSSLLTLENLILNEFSYTATEARRLYLQRKTVPSALLVQLIQERLAEEDCIKQGWILDGIPETREQALRIQTLGITPRHVIVLSAPDTVLIERNLGKRIDPQTGEIYHTTFDWPPESEIQNRLMVPEDISELETAQKLLEYHRNIVRVIPSYPKILKVISADQPCVDVFYQALTYVQSNHRTNAPFTPRVLLLGPVGSGKSLQAALLAQKYRLVNVCCGQLLKEAVADRTTFGELIQPFFEKEMAVPDSLLMKVLSQRLDQQDCIQKGWVLHGVPRDLDQAHLLNRLGYNPNRVFFLNVPFDSIMERLTLRRIDPVTGERYHLMYKPPPTMEIQARLLQNPKDAEEQVKLKMDLFYRNSADLEQLYGSAITLNGDQDPYTVFEYIESGIINPLPKKIP,Q96MA6
103,"FUCM_HUMAN,CJ125_HUMAN",A2VDF0,FUCM_HUMAN,reviewed,Fucose mutarotase (EC 5.1.3.29),282969;,FUOM C10orf125,154,MVALKGVPALLSPELLYALARMGHGDEIVLADLNFPASSICQCGPMEIRADGLGIPQLLEAVLKLLPLDTYVESPAAVMELVPSDKERGLQTPVWTEYESILRRAGCVRALAKIERFEFYERAKKAFAVVATGETALYGNLILRKGVLALNPLL,A2VDF0
104,"CB034_HUMAN,CMKMT_HUMAN",Q7Z624,CMKMT_HUMAN,reviewed,Calmodulin-lysine N-methyltransferase (CLNMT) (CaM KMT) (EC 2.1.1.60),79823;,CAMKMT C2orf34 CLNMT,323,MESRVADAGTGETARAAGGSPAVGCTTRGPVVSAPLGAARWKLLRQVLKQKHLDDCLRHVSVRRFESFNLFSVTEGKERETEEEVGAWVQYTSIFCPEYSISLRHNSGSLNVEDVLTSFDNTGNVCIWPSEEVLAYYCLKHNNIFRALAVCELGGGMTCLAGLMVAISADVKEVLLTDGNEKAIRNVQDIITRNQKAGVFKTQKISSCVLRWDNETDVSQLEGHFDIVMCADCLFLDQYRASLVDAIKRLLQPRGKAMVFAPRRGNTLNQFCNLAEKAGFCIQRHENYDEHISNFHSKLKKENPDIYEENLHYPLLLILTKHG,Q7Z624
105,"CJ079_HUMAN,WDR96_HUMAN",Q8NDM7,CFA43_HUMAN,reviewed,Cilia- and flagella-associated protein 43 (WD repeat-containing protein 96),80217;,CFAP43 C10orf79 WDR96,1665,MAQGRERDEGPHSAGGASLSVRWVQGFPKQNVHFVNDNTICYPCGNYVIFINIETKKKTVLQCSNGIVGVMATNIPCEVVAFSDRKLKPLIYVYSFPGLTRRTKLKGNILLDYTLLSFSYCGTYLASYSSLPEFELALWNWESSIILCKKSQPGMDVNQMSFNPMNWRQLCLSSPSTVSVWTIERSNQEHCFRARSVKLPLEDGSFFNETDVVFPQSLPKDLIYGPVLPLSAIAGLVGKEAETFRPKDDLYPLLHPTMHCWTPTSDLYIGCEEGHLLMINGDTLQVTVLNKIEEESPLDRRNFISPVTLVYQKEGVLASGIDGFVYSFIIKDRSYMIEDFLEIERPVEHMTFSPNYTVLLIQTDKGSVYIYTFGKEPTLNKVLDACDGKFQAIDFITPGTQYFMTLTYSGEICVWWLEDCACVSKIYLNTLATVLACCPSSLSAAVGTEDGSVYFISVYDKESPQVVHKAFLSESSVQHVVYDQQGIFLLVGTAEGKVFIINANSSSSFQIIGFTEVAKDILQISTVSLLETDIVEVMVLSSLPEAGRSRLEMFTLPTLLPQVSTTFADERGRLKDEIIHKYLYELEHALSSAVLGFQSNQIYGFCSQVPYICSYLLPEEEHTGIYILKPYKKVQSRQYGPGLLYLSSHGLWLITIAKCGILCIRDVYTLETFAWCRSHSHQGHGIQSMRISMDGQNILVNGRDDGTLVYLKWKRFGGHLASEILDYYQKLLISLSSAMDKENHYLSTTPKVSVDLGSDSEHTKQKASTDLSQDELVLTDVKKEIPWIQQKSQEAIKKEVNLFSKKRKEIKQGIKSLSKTILNMMEENDKLENIAKLDQQEFGLDLEELERLHDESQEEVAKMIKDVEMHNLAKSYLAELIKEECWNSMAVKGRALKCFHIPCVVENFPMKARTVEELKELERVLQQKKIEAECLKLRKEIVEAQSGVKLIKQRHEEDDEEEEEEDKTVKYSNLPNYLLGSLSTDFGVDTSLLSSQLELHSREEKINQIILLKDIIYKVKTVFNNEFDAAYKQKEFEIARVKERNVRIREIILDLELEEAVWQPEFEDCEKPERTLVVQDEEITAHKHIKPWHKAKELIVNHEKEHWLLIQDASTRLRALMDMMGGVLEVKKEDILRMVIPQPAFMAKPDAVWTEEERKQFKDYEKKVKELNEERDKYRKSLEAELKKLQNSIQESTQAFDEHLKRLFERRVKAEMVTNQEELKISNLAFSLLLDEELSSREKFLNNYLTRKQHEKSQTSEAVRKSREDLDVCKEHYDNLLAEDKVMDRSFKKEFSEIPGHQVDILYKLFKRRPRISKQKTHSETTSVVPFGELPGSGKLNKDAFAQLMKAMDELDNISNMPEGLDPLVWNHFCMTRRAKVENEQKVKQKAADLLEMATFLQKRVEEEEKVQQEIERVFHELILLQEEKVRFQLNLTIQILLKQGQVELENFQLVLEYSDAILINKNIIEDLNSVIRTQGQKKVASMMESKDVHKRILQIEWEHKKMEMEREDLNQKAWDIQMLFFSRDRQKYLNEPNYEALISIQIGIMEQTIAVLDKMHKKNVENCKKLLKKLGKFSNQKDIANYALSCNLREELVAVSERKDICNAMGSKLTCEKIVKERYENMMQQQKLTNISKQQAEQISILQTEVERLRMKTFPALVQM,Q8NDM7
106,"ASIC4_HUMAN,ACCN4_HUMAN",Q96FT7,ASIC4_HUMAN,reviewed,"Acid-sensing ion channel 4 (ASIC4) (Amiloride-sensitive cation channel 4) (Amiloride-sensitive cation channel 4, pituitary)",55515;,ASIC4 ACCN4,647,MLSGAAGAARRGGAALAPSLTRSLAGTHAGADSCAGADKGSHKETIEERDKRQQRQQRQRQHQGCGAAGSGSDSPTSGPHPVPVLFPLALSLEEQPLPPLPLGRAPGLLAREGQGREALASPSSRGQMPIEIVCKIKFAEEDAKPKEKEAGDEQSLLGAVAPGAAPRDLATFASTSTLHGLGRACGPGPHGLRRTLWALALLTSLAAFLYQAAGLARGYLTRPHLVAMDPAAPAPVAGFPAVTLCNINRFRHSALSDADIFHLANLTGLPPKDRDGHRAAGLRYPEPDMVDILNRTGHQLADMLKSCNFSGHHCSASNFSVVYTRYGKCYTFNADPRSSLPSRAGGMGSGLEIMLDIQQEEYLPIWRETNETSFEAGIRVQIHSQEEPPYIHQLGFGVSPGFQTFVSCQEQRLTYLPQPWGNCRAESELREPELQGYSAYSVSACRLRCEKEAVLQRCHCRMVHMPDSLGGGPEGPCFCPTPCNLTRYGKEISMVRIPNRGSARYLARKYNRNETYIRENFLVLDVFFEALTSEAMEQRAAYGLSALLGDLGGQMGLFIGASILTLLEILDYIYEVSWDRLKRVWRRPKTPLRTSTGGISTLGLQELKEQSPCPSRGRVEGGGVSSLLPNHHHPHGPPGGLFEDFAC,Q96FT7
